Top pages,Clicks,Impressions,CTR,Position
https://cvety.kz/,4622,158745,2.91%,9.52
https://cvety.kz/almaty/,1801,141363,1.27%,8.24
https://cvety.kz/blog/nuzhno-li-stavit-buket-iz-gipsofily-v-vazu-s-vodoy/,1108,72418,1.53%,10.03
https://blog.cvety.kz/etiket-dareniya-cvetov,1004,28480,3.53%,17.49
https://cvety.kz/almaty/flowers/cheap/,924,55110,1.68%,7.76
https://blog.cvety.kz/flowershop,795,24879,3.2%,20.65
https://cvety.kz/kostanay/,759,31847,2.38%,5.93
https://cvety.kz/blog/bukety-iz-gipsofily-kak-zasushit-i-khranit-kachim-v-vide-sukhotsveta/,752,23540,3.19%,11.18
https://blog.cvety.kz/floral-foam,739,35546,2.08%,9.83
https://cvety.kz/pavlodar/,639,27561,2.32%,5.76
https://blog.cvety.kz/peony,597,80984,0.74%,9.47
https://blog.cvety.kz/men-gifts,556,48888,1.14%,23.28
https://cvety.kz/shymkent/,470,24497,1.92%,6.23
https://cvety.kz/astana/flowers/cheap/,414,59347,0.7%,6
https://cvety.kz/astana/plants/,396,17351,2.28%,7.26
https://cvety.kz/almaty/flowers/roses/,330,77202,0.43%,8.62
https://blog.cvety.kz/lilly,326,26821,1.22%,12.92
https://cvety.kz/en/almaty/,320,3832,8.35%,8.21
https://cvety.kz/en/,319,5957,5.36%,6.46
https://blog.cvety.kz/how-to-dry-flowers,255,19750,1.29%,10.84
https://blog.cvety.kz/roses,250,27526,0.91%,3.97
https://blog.cvety.kz/hen-party-gift,248,9993,2.48%,10.13
https://cvety.kz/karaganda/,243,16658,1.46%,8.35
https://cvety.kz/blog/gipsofily-znachenie-buketa-i-tsvetkov/,239,40049,0.6%,9.28
https://cvety.kz/astana/balloons/,239,15189,1.57%,9.89
https://cvety.kz/blog/kak-dolgo-mozhet-stoyat-kompozitsiya-iz-gipsofily/,235,26753,0.88%,6.63
https://cvety.kz/almaty/flowers/chrysanthemums/,231,42240,0.55%,11.3
https://cvety.kz/almaty/flowers/gipsofila/,205,37770,0.54%,7.69
https://blog.cvety.kz/calla,191,28006,0.68%,11.75
https://blog.cvety.kz/top15almaty,189,7142,2.65%,13.35
https://cvety.kz/astana/flowers/peonies/,163,29089,0.56%,16.27
https://cvety.kz/uralsk/,149,6563,2.27%,11.95
https://cvety.kz/astana/flowers/roses/,148,30641,0.48%,10.47
https://cvety.kz/rudny/,142,3088,4.6%,6.37
https://cvety.kz/almaty/flowers/hydrangeas/,141,23435,0.6%,11.96
https://blog.cvety.kz/first-date-bouquet,135,6086,2.22%,17.68
https://blog.cvety.kz/hrizantemy,133,10956,1.21%,16.23
https://cvety.kz/taraz/,132,8133,1.62%,7.32
https://cvety.kz/astana/flowers/shrub-roses/,130,25372,0.51%,9.01
https://cvety.kz/almaty/flowers/shrub-roses/,125,20552,0.61%,8.23
https://blog.cvety.kz/alstroemeria,125,10452,1.2%,11.23
https://cvety.kz/aktobe/,125,10036,1.25%,9.63
https://cvety.kz/aktau/,116,6387,1.82%,8.21
https://cvety.kz/kokshetau/,109,6630,1.64%,12.41
https://cvety.kz/ust-kamenogorsk/,106,7167,1.48%,9.94
https://cvety.kz/almaty/flowers/peony-roses/,101,20399,0.5%,11.45
https://cvety.kz/products/15673/,100,82761,0.12%,3.03
https://cvety.kz/shymkent/flowers/hydrangeas/,99,3458,2.86%,10.35
https://cvety.kz/almaty/flowers/in-the-basket/,98,23432,0.42%,13.91
https://cvety.kz/almaty/flowers/peonies/,97,30623,0.32%,8.24
https://cvety.kz/astana/flowers/chrysanthemums/,93,15809,0.59%,13.16
https://blog.cvety.kz/sub,92,829,11.1%,20.58
https://cvety.kz/almaty/plants/,91,19775,0.46%,8.03
https://cvety.kz/astana/sweets/strawberries-in-chocolate/,91,2311,3.94%,8.73
https://cvety.kz/astana/fruits/,90,2414,3.73%,12.37
https://cvety.kz/crm/,85,229,37.12%,2.36
https://cvety.kz/almaty/flowers/for-birthday/,84,16680,0.5%,27.46
https://cvety.kz/shymkent/flowers/shrub-roses/,83,5368,1.55%,5.04
https://cvety.kz/almaty/flowers/eustomas/,75,12075,0.62%,13.42
https://blog.cvety.kz/eustoma,75,11016,0.68%,18.6
https://cvety.kz/astana/soft-toys/,73,3838,1.9%,9.61
https://cvety.kz/astana/flowers/lilies/,71,4155,1.71%,7.8
https://cvety.kz/nur-sultan/flowers/cheap/,71,3712,1.91%,6.32
https://cvety.kz/almaty/fruits/,67,20881,0.32%,7.87
https://cvety.kz/petropavl/,66,2248,2.94%,20.55
https://cvety.kz/products/18066/,65,3339,1.95%,8.26
https://cvety.kz/almaty/flowers/sweets/,63,2927,2.15%,11.23
https://cvety.kz/astana/reviews/,61,16210,0.38%,4.46
https://blog.cvety.kz/carnation,61,14228,0.43%,13.82
https://cvety.kz/karaganda/flowers/shrub-roses/,61,3808,1.6%,4.18
http://kokshetau.cvety.kz/,60,1038,5.78%,3.26
https://cvety.kz/almaty/korziny/,57,1344,4.24%,12
https://cvety.kz/kostanay/flowers/roses/,53,3617,1.47%,6.05
https://cvety.kz/semey/,52,2825,1.84%,11.43
https://cvety.kz/astana/sweets/bento-cakes/,51,4478,1.14%,9.85
https://cvety.kz/almaty/gifts/for-birthday/,51,1118,4.56%,14.2
https://cvety.kz/nur-sultan/balloons/,50,2253,2.22%,6.85
https://cvety.kz/kostanay/flowers/cheap/,49,1852,2.65%,4.6
https://blog.cvety.kz/bouquetbride,48,5926,0.81%,26.96
https://cvety.kz/shymkent/flowers/roses/,48,3099,1.55%,6.23
https://cvety.kz/astana/flowers/gipsofila/,47,7461,0.63%,8.6
https://blog.cvety.kz/boutonniere,47,7170,0.66%,12.08
https://blog.cvety.kz/gollandskie-rozy,47,3515,1.34%,14.9
https://cvety.kz/almaty/sweets/strawberries-in-chocolate/,47,3278,1.43%,11.36
https://cvety.kz/kostanay/flowers/shrub-roses/,47,2249,2.09%,6.65
https://cvety.kz/nur-sultan/plants/,47,1879,2.5%,7.94
https://blog.cvety.kz/otkudarozivkz,47,1041,4.51%,21.99
https://cvety.kz/products/12290/,46,6004,0.77%,5.41
https://cvety.kz/astana/sweets/cakes/,46,1281,3.59%,10.26
https://cvety.kz/kostanay/flowers/chrysanthemums/,45,2003,2.25%,7.74
https://cvety.kz/almaty/opt/,43,17215,0.25%,7.73
https://blog.cvety.kz/facts,43,1208,3.56%,12.84
https://cvety.kz/payment/,43,758,5.67%,32.86
https://cvety.kz/products/13095/,41,1920,2.14%,10.91
https://cvety.kz/pavlodar/flowers/roses/,41,1655,2.48%,5.25
https://cvety.kz/ust-kamenogorsk/flowers/shrub-roses/,40,4400,0.91%,2.83
https://cvety.kz/astana/flowers/hydrangeas/,40,3838,1.04%,10.77
https://cvety.kz/nur-sultan/flowers/peonies/,39,8835,0.44%,10.34
https://cvety.kz/astana/gifts/,39,2648,1.47%,7.02
https://cvety.kz/almaty/reviews/,39,558,6.99%,10.04
https://cvety.kz/pavlodar/flowers/cheap/,38,763,4.98%,5.57
https://cvety.kz/contacts/,37,3735,0.99%,7.44
https://blog.cvety.kz/iris,35,4318,0.81%,14.52
https://cvety.kz/almaty/gifts/to-men/,35,722,4.85%,18.48
https://cvety.kz/almaty/sweets/,34,16072,0.21%,8.65
https://cvety.kz/atyrau/,34,2679,1.27%,10.71
https://cvety.kz/taraz/flowers/roses/,34,1734,1.96%,8.56
https://cvety.kz/en/almaty/sweets/,34,577,5.89%,8.81
https://cvety.kz/zhetisay/bodysuits/,34,296,11.49%,8.24
https://cvety.kz/aktobe/flowers/roses/,33,1267,2.6%,9.55
https://blog.cvety.kz/daisy,31,5958,0.52%,19.4
https://cvety.kz/astana/sweets/,30,4206,0.71%,8.82
https://cvety.kz/astana/flowers/eustomas/,28,9017,0.31%,14.68
https://blog.cvety.kz/10-prichin-zakazat-dostavku-cvetov,28,1075,2.6%,18.77
https://cvety.kz/pavlodar/flowers/chrysanthemums/,28,488,5.74%,10.8
https://cvety.kz/almaty/flowers/dutch-roses/,27,4724,0.57%,9.6
https://cvety.kz/shymkent/flowers/dutch-roses/,27,2102,1.28%,9.53
https://cvety.kz/ust-kamenogorsk/flowers/roses/,27,1241,2.18%,6.59
https://cvety.kz/pavlodar/flowers/shrub-roses/,27,849,3.18%,3.22
https://cvety.kz/astana/flowers/for-birthday/,26,7419,0.35%,12.5
https://cvety.kz/mobile/,26,445,5.84%,8.22
https://cvety.kz/astana/flowers/orchids/,25,1068,2.34%,10.65
https://cvety.kz/astana/korziny/,24,904,2.65%,13.39
https://cvety.kz/en/karaganda/,24,384,6.25%,11.28
https://cvety.kz/astana/flowers/dutch-roses/,23,5362,0.43%,10.66
https://blog.cvety.kz/rose,23,5190,0.44%,32.51
https://cvety.kz/kostanay/fruits/,23,1351,1.7%,6.99
https://blog.cvety.kz/business-bouquet,23,1277,1.8%,27.1
https://cvety.kz/nur-sultan/flowers/roses/,22,2814,0.78%,12.6
https://cvety.kz/nur-sultan/flowers/shrub-roses/,22,1862,1.18%,8.32
https://cvety.kz/almaty/flowers/to-fiancee/,22,1574,1.4%,8.56
https://cvety.kz/almaty/flowers/asters/,22,537,4.1%,8.31
https://cvety.kz/en/aktau/,22,270,8.15%,12.26
https://cvety.kz/almaty/flowers/expensive/,21,32449,0.06%,7.95
https://cvety.kz/almaty/soft-toys/,21,13429,0.16%,8.61
https://cvety.kz/astana/flowers/peony-roses/,21,4980,0.42%,17.77
https://cvety.kz/kostanay/flowers/hydrangeas/,21,1094,1.92%,20.36
https://cvety.kz/en/atyrau/,21,313,6.71%,19.5
https://cvety.kz/almaty/flowers/in-box/,20,13893,0.14%,11.17
https://cvety.kz/products/16190/,20,12652,0.16%,1.77
https://cvety.kz/shymkent/flowers/peonies/,20,1392,1.44%,14.36
https://cvety.kz/astana/flowers/sweets/,20,1208,1.66%,9.58
https://cvety.kz/balkhash/,20,651,3.07%,11.16
https://cvety.kz/products/17539/,19,4680,0.41%,8.65
https://cvety.kz/karaganda/flowers/peony-roses/,19,1492,1.27%,9.9
https://cvety.kz/astana/lingerie/,19,536,3.54%,13.98
https://cvety.kz/shymkent/flowers/cheap/,19,485,3.92%,10.29
https://cvety.kz/crm/?register=yes,19,161,11.8%,5.2
https://cvety.kz/astana/flowers/opt/,18,4720,0.38%,6.47
https://cvety.kz/almaty/flowers/alstroemerias/,18,2078,0.87%,9.58
https://cvety.kz/products/16529/,18,685,2.63%,5.26
https://cvety.kz/shymkent/flowers/chrysanthemums/,18,639,2.82%,6.46
https://cvety.kz/products/17619/,18,315,5.71%,6.49
https://cvety.kz/aktau/opt/,18,140,12.86%,24.09
https://cvety.kz/astana/flowers/in-the-basket/,17,6883,0.25%,6.35
https://cvety.kz/almaty/flowers/to-teacher/,17,4932,0.34%,7.52
https://blog.cvety.kz/almaty/,17,2818,0.6%,41.49
https://cvety.kz/almaty/flowers/carnations/,17,1809,0.94%,8.8
https://blog.cvety.kz/sendflowers,17,1276,1.33%,16.47
https://cvety.kz/nur-sultan/fruits/,17,632,2.69%,10.13
https://cvety.kz/shchuchinsk/,17,595,2.86%,9
https://cvety.kz/aksu/,17,505,3.37%,14.04
https://cvety.kz/saran/,17,328,5.18%,9.6
https://cvety.kz/en/almaty/soft-toys/,17,242,7.02%,6.31
https://cvety.kz/zhanaozen/bodysuits/,17,117,14.53%,11.4
https://cvety.kz/taldykorgan/,16,1238,1.29%,11.54
https://cvety.kz/karaganda/flowers/chrysanthemums/,16,428,3.74%,5.85
https://cvety.kz/astana/opt/,15,20690,0.07%,5.5
https://cvety.kz/kostanay/opt/,15,1086,1.38%,7.15
https://cvety.kz/taraz/flowers/dutch-roses/,15,530,2.83%,8.49
https://cvety.kz/kulsary/,15,294,5.1%,10.13
https://cvety.kz/zyryanovsk/,15,276,5.43%,12.3
https://cvety.kz/nur-sultan/gifts/,15,256,5.86%,10.3
https://blog.cvety.kz/marketplace,15,111,13.51%,13.96
https://cvety.kz/almaty/flowers/field-flowers/,14,12969,0.11%,8.12
https://cvety.kz/almaty/flowers/gerbera/,14,4173,0.34%,12.41
https://cvety.kz/astana/flowers/prefabricated-euro-bouquets/,14,3934,0.36%,13.29
https://cvety.kz/almaty/flowers/to-girl/,14,2228,0.63%,13.9
https://cvety.kz/aktau/flowers/shrub-roses/,14,1023,1.37%,7.96
https://cvety.kz/products/20145/,14,913,1.53%,5.27
https://cvety.kz/pavlodar/flowers/peonies/,14,432,3.24%,9.17
https://cvety.kz/zhanatas/,14,229,6.11%,11.12
https://cvety.kz/products/16445/,14,63,22.22%,3.35
https://cvety.kz/astana/flowers/in-box/,13,7816,0.17%,12.16
https://cvety.kz/almaty/flowers/for-wedding/,13,5508,0.24%,10.03
https://cvety.kz/products/17664/,13,3077,0.42%,8.37
https://cvety.kz/products/13876/,13,675,1.93%,8.84
https://cvety.kz/shymkent/balloons/,13,444,2.93%,13.79
https://cvety.kz/en/uralsk/,13,242,5.37%,35.24
https://cvety.kz/turkestan/,12,3832,0.31%,5.89
https://cvety.kz/shymkent/flowers/peony-roses/,12,1711,0.7%,11.91
https://cvety.kz/products/16939/,12,1105,1.09%,6.03
https://cvety.kz/almaty/sweets/cakes/,12,809,1.48%,27.72
https://cvety.kz/ekibastuz/,12,632,1.9%,11.41
https://cvety.kz/temirtau/,12,411,2.92%,12.56
https://cvety.kz/almaty/peignoirs/,12,389,3.08%,11.05
https://cvety.kz/arkalyk/,12,328,3.66%,18.19
https://cvety.kz/astana/flowers/to-mother/,11,24714,0.04%,6.35
https://blog.cvety.kz/znachenie-rozi,11,8660,0.13%,10.36
https://cvety.kz/products/18865/,11,7840,0.14%,6.35
https://blog.cvety.kz/buket-nevesty,11,2919,0.38%,23.42
https://blog.cvety.kz/orchids,11,2182,0.5%,26.61
https://cvety.kz/nur-sultan/reviews/,11,1870,0.59%,4.67
https://cvety.kz/products/14805/,11,1836,0.6%,4.5
https://cvety.kz/products/13378/,11,1796,0.61%,9.06
https://cvety.kz/products/22275/,11,588,1.87%,6.28
https://cvety.kz/ayagoz/,11,278,3.96%,10.76
https://cvety.kz/zharkent/,11,228,4.82%,8.78
https://cvety.kz/en/kostanay/,11,159,6.92%,13.72
https://cvety.kz/en/semey/,11,146,7.53%,13.94
https://cvety.kz/shymkent/fruits/,11,136,8.09%,9.01
https://cvety.kz/ust-kamenogorsk/flowers/to-fiancee/,11,123,8.94%,5.68
https://cvety.kz/saryagash/bodysuits/,11,107,10.28%,11.23
https://cvety.kz/products/20905/,10,1716,0.58%,7.43
https://cvety.kz/almaty/flowers/daisies/,10,1701,0.59%,11.37
https://cvety.kz/kostanay/balloons/,10,1306,0.77%,5.35
https://cvety.kz/rudny/flowers/shrub-roses/,10,1265,0.79%,6.18
https://cvety.kz/uralsk/flowers/shrub-roses/,10,692,1.45%,10.89
https://cvety.kz/pavlodar/flowers/dutch-roses/,10,649,1.54%,6.94
https://cvety.kz/aksay/,10,620,1.61%,11.12
https://cvety.kz/nur-sultan/flowers/suhocvet/,10,566,1.77%,9.43
https://cvety.kz/stepnogorsk/,10,428,2.34%,11.67
https://cvety.kz/karaganda/balloons/,10,403,2.48%,9.85
https://cvety.kz/shymkent/opt/,10,273,3.66%,9.52
https://cvety.kz/esik/,10,266,3.76%,19.26
https://cvety.kz/akkol/,10,258,3.88%,9.22
https://cvety.kz/almaty/gifts/to-mother/,10,163,6.13%,14.12
https://cvety.kz/taraz/bodysuits/,10,158,6.33%,11.09
https://cvety.kz/priozersk/,10,140,7.14%,18.12
https://cvety.kz/kostanay/korziny/,10,128,7.81%,10.6
https://cvety.kz/products/16578/,10,81,12.35%,20.07
https://cvety.kz/karaganda/bodysuits/,10,75,13.33%,10.45
https://cvety.kz/stepnogorsk/opt/,10,60,16.67%,12.52
https://cvety.kz/nur-sultan/opt/,9,5396,0.17%,5.88
https://cvety.kz/almaty/contacts/,9,2642,0.34%,8.5
https://cvety.kz/nur-sultan/flowers/eustomas/,9,1628,0.55%,12.87
https://cvety.kz/almaty/flowers/orchids/,9,1610,0.56%,11.71
https://blog.cvety.kz/bridesmaid-bouquet,9,1585,0.57%,24.08
https://cvety.kz/kostanay/flowers/dutch-roses/,9,1227,0.73%,8.57
https://cvety.kz/products/20450/,9,1082,0.83%,16.65
https://cvety.kz/petropavl/flowers/roses/,9,1062,0.85%,21.04
https://cvety.kz/taraz/flowers/peonies/,9,946,0.95%,9.51
https://cvety.kz/astana/flowers/to-childs/,9,676,1.33%,11.66
https://cvety.kz/kurchatov/,9,473,1.9%,12.79
https://cvety.kz/astana/gifts/for-birthday/,9,407,2.21%,19.02
https://cvety.kz/en/shymkent/,9,297,3.03%,10.2
https://cvety.kz/products/12023/,9,288,3.12%,10.82
https://cvety.kz/products/20679/,9,254,3.54%,8.35
https://cvety.kz/khromtau/,9,240,3.75%,11.22
https://cvety.kz/taraz/balloons/,9,238,3.78%,10.7
https://cvety.kz/kokshetau/flowers/cheap/,9,225,4%,19.31
https://cvety.kz/en/almaty/sweets/cakes/,9,189,4.76%,14.19
https://cvety.kz/kostanay/flowers/free-delivery/,9,183,4.92%,4.21
https://cvety.kz/products/13381/,9,175,5.14%,9.9
https://cvety.kz/lenger/,9,171,5.26%,9.36
https://cvety.kz/pavlodar/flowers/for-birthday/,9,164,5.49%,3.96
https://cvety.kz/pavlodar/gifts/,9,144,6.25%,11.51
https://cvety.kz/almaty/gifts/to-teacher/,9,120,7.5%,8.18
https://cvety.kz/arys/,9,117,7.69%,7.83
https://cvety.kz/karaganda/fruits/,9,104,8.65%,15.37
https://cvety.kz/products/18981/,9,74,12.16%,3.86
https://cvety.kz/products/20204/,8,25448,0.03%,1.19
https://cvety.kz/kaskelen/,8,6532,0.12%,4.53
https://cvety.kz/products/13372/,8,576,1.39%,2.82
https://cvety.kz/kokshetau/flowers/roses/,8,535,1.5%,8.53
https://cvety.kz/products/19011/,8,446,1.79%,9.27
https://cvety.kz/usharal/,8,417,1.92%,5.06
https://cvety.kz/almaty/flowers/suhocvet/,8,402,1.99%,13.46
https://cvety.kz/petropavl/flowers/chrysanthemums/,8,364,2.2%,22.79
https://cvety.kz/talgar/,8,353,2.27%,13.17
https://cvety.kz/shu/,8,348,2.3%,13.8
https://cvety.kz/almaty/gifts/,8,270,2.96%,19.33
https://cvety.kz/en/pavlodar/,8,254,3.15%,26.5
https://cvety.kz/products/21679/,8,243,3.29%,6.14
https://cvety.kz/saryagash/,8,233,3.43%,11.28
https://cvety.kz/products/13380/,8,223,3.59%,13.49
https://cvety.kz/nur-sultan/flowers/sweets/,8,221,3.62%,10.12
https://cvety.kz/shymkent/sweets/,8,216,3.7%,6.89
https://cvety.kz/alga/,8,200,4%,13.84
https://cvety.kz/en/astana/sweets/,8,198,4.04%,10.16
https://cvety.kz/kostanay/gifts/for-birthday/,8,187,4.28%,33.72
https://cvety.kz/balkhash/bodysuits/,8,147,5.44%,8.27
https://cvety.kz/aktau/balloons/,8,142,5.63%,9.36
https://cvety.kz/makinsk/,8,141,5.67%,12.62
https://cvety.kz/en/astana/fruits/,8,139,5.76%,8.19
https://cvety.kz/astana/gifts/to-men/,8,137,5.84%,14.4
https://cvety.kz/en/products/13810/,8,69,11.59%,4.83
https://cvety.kz/products/19141/,8,62,12.9%,7.29
https://cvety.kz/taraz/opt/,8,56,14.29%,12.27
https://blog.cvety.kz/about-us,7,22008,0.03%,5.41
https://cvety.kz/almaty/flowers/prefabricated-euro-bouquets/,7,15002,0.05%,8.22
https://blog.cvety.kz/tulips,7,5281,0.13%,24.78
https://cvety.kz/almaty/flowers/to-men/,7,4247,0.16%,8.06
https://cvety.kz/nur-sultan/flowers/hydrangeas/,7,2382,0.29%,13.06
https://cvety.kz/almaty/sweets/bento-cakes/,7,1090,0.64%,13.81
https://cvety.kz/nur-sultan/lingerie/,7,616,1.14%,12.91
https://cvety.kz/products/18856/,7,513,1.36%,8.55
https://cvety.kz/taraz/flowers/gipsofila/,7,393,1.78%,11.07
https://cvety.kz/zhitikara/,7,303,2.31%,9.8
https://cvety.kz/shemonaikha/,7,301,2.33%,18.16
https://cvety.kz/lisakovsk/,7,278,2.52%,9.68
https://cvety.kz/kostanay/flowers/for-birthday/,7,267,2.62%,10.17
https://cvety.kz/pavlodar/plants/,7,264,2.65%,9.8
https://cvety.kz/kyzylorda/,7,264,2.65%,15.18
https://cvety.kz/pavlodar/balloons/,7,254,2.76%,10.61
https://cvety.kz/ust-kamenogorsk/flowers/chrysanthemums/,7,245,2.86%,12.06
https://cvety.kz/nur-sultan/flowers/lilies/,7,230,3.04%,6.79
https://blog.cvety.kz/headofsupport,7,193,3.63%,9.36
https://cvety.kz/kostanay/gifts/,7,163,4.29%,8.09
https://cvety.kz/tayinsha/,7,163,4.29%,13.19
https://cvety.kz/nur-sultan/flowers/orchids/,7,141,4.96%,6.28
https://cvety.kz/en/kokshetau/,7,103,6.8%,19.74
https://cvety.kz/taldykorgan/bodysuits/,7,96,7.29%,12.11
https://cvety.kz/kostanay/gifts/to-men/,7,63,11.11%,7.44
https://cvety.kz/en/products/15894/,7,53,13.21%,7.36
https://cvety.kz/uralsk/opt/,7,47,14.89%,12.3
https://cvety.kz/almaty/flowers/on-international-womens-day/,6,8595,0.07%,20.96
https://cvety.kz/en/products/18997/,6,8588,0.07%,2.56
https://cvety.kz/products/15606/,6,6611,0.09%,1.62
https://cvety.kz/zhezkazgan/,6,5938,0.1%,4.68
https://cvety.kz/products/19162/,6,1794,0.33%,12.3
https://cvety.kz/almaty/flowers/to-mother/,6,1320,0.45%,11.17
https://cvety.kz/kostanay/plants/,6,1291,0.46%,7.47
https://cvety.kz/astana/flowers/gerbera/,6,1264,0.47%,6.32
https://cvety.kz/almaty/flowers/lilies/,6,1207,0.5%,12.65
https://cvety.kz/aktobe/flowers/shrub-roses/,6,907,0.66%,6.28
https://cvety.kz/astana/flowers/alstroemerias/,6,816,0.74%,6.91
https://cvety.kz/products/16688/,6,545,1.1%,7.61
https://cvety.kz/aktobe/flowers/cheap/,6,422,1.42%,28.67
https://cvety.kz/nur-sultan/korziny/,6,334,1.8%,14.59
https://cvety.kz/ust-kamenogorsk/flowers/gipsofila/,6,302,1.99%,8.76
https://cvety.kz/ridder/,6,297,2.02%,13.2
https://cvety.kz/kapchagay/,6,194,3.09%,10.63
https://cvety.kz/en/ust-kamenogorsk/,6,177,3.39%,14.78
https://cvety.kz/pavlodar/fruits/,6,146,4.11%,7.85
https://cvety.kz/baikonur/,6,141,4.26%,10.56
https://cvety.kz/astana/gifts/to-childs/,6,140,4.29%,12.99
https://cvety.kz/shymkent/flowers/orchids/,6,131,4.58%,9.91
https://cvety.kz/rudny/sweets/,6,108,5.56%,9.91
https://cvety.kz/rudny/flowers/chrysanthemums/,6,100,6%,7.43
https://cvety.kz/products/22448/,6,85,7.06%,21.8
https://cvety.kz/en/almaty/korziny/,6,81,7.41%,10.42
https://cvety.kz/zhanaozen/balloons/,6,70,8.57%,9.06
https://cvety.kz/en/aksay/,6,67,8.96%,16.9
https://cvety.kz/zhezkazgan/bodysuits/,6,59,10.17%,11.98
https://cvety.kz/en/astana/korziny/,6,57,10.53%,8.26
https://cvety.kz/en/atyrau/flowers/roses/,6,57,10.53%,11.19
https://cvety.kz/turkestan/plants/,6,55,10.91%,12.96
https://cvety.kz/ust-kamenogorsk/flowers/peony-roses/,6,41,14.63%,11.32
https://cvety.kz/karaganda/gifts/to-childs/,6,38,15.79%,39.58
https://cvety.kz/uralsk/fruits/,6,28,21.43%,8.43
https://cvety.kz/stepnogorsk/plants/,6,27,22.22%,6.63
https://cvety.kz/products/14694/,5,11628,0.04%,6.06
https://cvety.kz/astana/flowers/free-delivery/,5,5616,0.09%,4.81
https://cvety.kz/en/products/23320/,5,5358,0.09%,1.8
https://cvety.kz/products/12666/,5,2257,0.22%,9.87
https://cvety.kz/products/23320/,5,2192,0.23%,2.14
https://cvety.kz/nur-sultan/flowers,5,1604,0.31%,6.85
https://cvety.kz/products/16007/,5,1404,0.36%,6.75
https://cvety.kz/reviews/,5,1328,0.38%,5.54
https://cvety.kz/products/15409/,5,1217,0.41%,5.04
https://cvety.kz/nur-sultan/flowers/gipsofila/,5,1025,0.49%,12.11
https://cvety.kz/nur-sultan/flowers/expensive/,5,736,0.68%,5.91
https://cvety.kz/karaganda/flowers/dutch-roses/,5,653,0.77%,16.11
https://cvety.kz/products/14811/,5,626,0.8%,2.53
https://cvety.kz/delivery/,5,467,1.07%,16.69
https://cvety.kz/almaty/fruits/in-the-basket/,5,370,1.35%,16.75
https://cvety.kz/products/16507/,5,367,1.36%,11.07
https://cvety.kz/nur-sultan/sweets/bento-cakes/,5,363,1.38%,11.47
https://cvety.kz/nur-sultan/soft-toys/,5,334,1.5%,8.61
https://cvety.kz/aktau/flowers/hydrangeas/,5,292,1.71%,11.14
https://cvety.kz/karaganda/flowers/cheap/,5,265,1.89%,7.81
https://cvety.kz/semey/flowers/roses/,5,265,1.89%,8.43
https://cvety.kz/kostanay/sweets/,5,256,1.95%,7.36
https://cvety.kz/products/11298/,5,253,1.98%,6.19
https://cvety.kz/en/almaty/fruits/,5,226,2.21%,8.57
https://cvety.kz/kostanay/soft-toys/,5,213,2.35%,18.61
https://cvety.kz/aktobe/soft-toys/,5,207,2.42%,8.3
https://blog.cvety.kz/zakaz-cvetov-v-drugoy-gorod,5,205,2.44%,19.13
https://cvety.kz/kostanay/flowers/to-fiancee/,5,202,2.48%,11.07
https://cvety.kz/abay/,5,201,2.49%,8.78
https://cvety.kz/products/13431/,5,200,2.5%,16.71
https://cvety.kz/kentau/,5,197,2.54%,10.69
https://cvety.kz/rudny/plants/,5,189,2.65%,13.34
https://cvety.kz/ushtobe/,5,173,2.89%,10.66
https://cvety.kz/products/13382/,5,165,3.03%,4.57
https://cvety.kz/karaganda/flowers/to-fiancee/,5,160,3.12%,18.19
https://cvety.kz/esil/,5,137,3.65%,13.03
https://cvety.kz/kandyagash/,5,135,3.7%,12.47
https://cvety.kz/en/taraz/,5,132,3.79%,26.99
https://cvety.kz/bulaevo/,5,120,4.17%,9.1
https://cvety.kz/karazhal/,5,119,4.2%,7.9
https://cvety.kz/charsk/,5,116,4.31%,21.96
https://cvety.kz/sergeevka/,5,113,4.42%,21.46
https://cvety.kz/tekeli/,5,112,4.46%,10.92
https://cvety.kz/astana/gift-certificates/,5,97,5.15%,19.49
https://cvety.kz/products/13560/,5,96,5.21%,9.41
https://cvety.kz/serebryansk/,5,88,5.68%,18.8
https://cvety.kz/products/20935/,5,87,5.75%,7.94
https://cvety.kz/atyrau/gift-certificates/,5,86,5.81%,8.07
https://cvety.kz/derzhavinsk/,5,86,5.81%,9.43
https://cvety.kz/atyrau/opt/,5,84,5.95%,17.76
https://cvety.kz/aktobe/bodysuits/,5,80,6.25%,16.1
https://cvety.kz/products/14718/,5,76,6.58%,6.71
https://cvety.kz/products/15424/,5,76,6.58%,7.95
https://cvety.kz/en/nur-sultan/korziny/,5,72,6.94%,9.08
https://cvety.kz/aktau/bodysuits/,5,63,7.94%,18.9
https://cvety.kz/uralsk/gift-certificates/,5,58,8.62%,5.83
https://cvety.kz/karaganda/korziny/,5,58,8.62%,12.62
https://cvety.kz/shymkent/reviews/,5,57,8.77%,15.53
https://cvety.kz/products/21831/,5,51,9.8%,5.29
https://cvety.kz/products/14702/,5,45,11.11%,6.24
https://cvety.kz/karaganda/gifts/for-birthday/,5,45,11.11%,9.11
https://cvety.kz/kostanay/flowers/eustomas/,5,43,11.63%,10.42
https://cvety.kz/en/almaty/lingerie/,5,36,13.89%,8.14
https://cvety.kz/ust-kamenogorsk/gifts/to-teacher/,5,33,15.15%,7.36
https://cvety.kz/stepnogorsk/bodysuits/,5,33,15.15%,8.7
https://cvety.kz/ust-kamenogorsk/tights/,5,29,17.24%,7.17
https://cvety.kz/temirtau/korziny/,5,26,19.23%,16.35
https://cvety.kz/almaty/balloons/,4,34461,0.01%,8.11
https://cvety.kz/products/15624/,4,11802,0.03%,3.14
https://cvety.kz/products/23317/,4,6258,0.06%,1.98
https://cvety.kz/satpayev/,4,4725,0.08%,4.66
https://cvety.kz/products/21317/,4,4123,0.1%,2.27
https://cvety.kz/astana/flowers/carnations/,4,2311,0.17%,6.31
https://cvety.kz/blog/kak-ukhazhivat-za-buketom-iz-gipsofily/,4,2018,0.2%,12.33
https://cvety.kz/products/11195/,4,1266,0.32%,7.53
https://cvety.kz/products/16824/,4,821,0.49%,6.86
https://cvety.kz/atyrau/flowers/roses/,4,511,0.78%,17.72
https://cvety.kz/products/17108/,4,414,0.97%,9.97
https://cvety.kz/aktobe/balloons/,4,397,1.01%,9.27
https://cvety.kz/karaganda/flowers/peonies/,4,366,1.09%,12.08
https://cvety.kz/almaty/flowers/free-delivery/,4,347,1.15%,10.75
https://cvety.kz/zhetisay/,4,320,1.25%,10.22
https://cvety.kz/almaty/bodysuits/,4,270,1.48%,36.24
https://cvety.kz/shakhtinsk/,4,261,1.53%,11.95
https://cvety.kz/rudny/fruits/,4,239,1.67%,19.02
https://cvety.kz/almaty/corsets/,4,227,1.76%,16.22
https://cvety.kz/en/aktobe/,4,215,1.86%,9.94
https://cvety.kz/astana/gifts/to-mother/,4,213,1.88%,11.17
https://cvety.kz/shymkent/flowers/prefabricated-euro-bouquets/,4,212,1.89%,7.58
https://cvety.kz/products/21465/,4,193,2.07%,2.75
https://cvety.kz/shymkent/sweets/strawberries-in-chocolate/,4,193,2.07%,9.16
https://cvety.kz/products/14580/,4,177,2.26%,4.23
https://cvety.kz/astana/thermal-underwear/,4,172,2.33%,17.76
https://cvety.kz/pavlodar/flowers/free-delivery/,4,159,2.52%,5.83
https://cvety.kz/kostanay/flowers/carnations/,4,155,2.58%,5.86
https://cvety.kz/shymkent/flowers/carnations/,4,133,3.01%,6.11
https://cvety.kz/kazalinsk/,4,132,3.03%,20.13
https://cvety.kz/petropavl/flowers/peonies/,4,126,3.17%,15.11
https://cvety.kz/pavlodar/flowers/carnations/,4,120,3.33%,6.4
https://cvety.kz/shymkent/flowers/daisies/,4,113,3.54%,9.8
https://cvety.kz/products/13798/,4,102,3.92%,3.81
https://cvety.kz/ust-kamenogorsk/balloons/,4,100,4%,10.11
https://cvety.kz/nur-sultan/flowers/field-flowers/,4,99,4.04%,15.49
https://cvety.kz/shymkent/lingerie/,4,93,4.3%,14.87
https://cvety.kz/products/13921/,4,72,5.56%,4.74
https://cvety.kz/pavlodar/sweets/cakes/,4,72,5.56%,14.07
https://cvety.kz/products/20382/,4,68,5.88%,16.1
https://cvety.kz/nur-sultan/flowers/asters/,4,59,6.78%,8.39
https://cvety.kz/products/17869/,4,47,8.51%,6.26
https://cvety.kz/products/14601/,4,47,8.51%,7.04
https://cvety.kz/aktobe/reviews/,4,42,9.52%,7.19
https://cvety.kz/en/stepnogorsk/,4,38,10.53%,34.24
https://cvety.kz/products/15175/,4,37,10.81%,11.76
https://cvety.kz/shu/bodysuits/,4,36,11.11%,5.86
https://cvety.kz/karaganda/flowers/opt/,4,34,11.76%,12.29
https://cvety.kz/astana/peignoirs/,4,34,11.76%,12.76
https://cvety.kz/shu/balloons/,4,33,12.12%,5.91
https://cvety.kz/shymkent/korziny/,4,29,13.79%,13.9
https://cvety.kz/uralsk/korziny/,4,27,14.81%,7.3
https://cvety.kz/kyzylorda/bodysuits/,4,25,16%,12.28
https://cvety.kz/partnership/,4,25,16%,17.12
https://cvety.kz/taraz/sweets/cakes/,4,22,18.18%,16.41
https://cvety.kz/shchuchinsk/fruits/,4,17,23.53%,10.35
https://cvety.kz/turkestan/bodysuits/,4,15,26.67%,19.13
https://cvety.kz/shardara/bodysuits/,4,12,33.33%,1.33
https://cvety.kz/kapchagay/gifts/,4,6,66.67%,5.67
https://cvety.kz/astana/flowers/packs/,3,37424,0.01%,5.48
https://cvety.kz/products/13085/,3,34015,0.01%,8.92
https://cvety.kz/almaty/lingerie/,3,13640,0.02%,7.89
https://cvety.kz/zhanaozen/,3,8475,0.04%,4.36
https://cvety.kz/nur-sultan/flowers/chrysanthemums/,3,2398,0.13%,13.53
https://cvety.kz/astana/flowers/for-wedding/,3,2287,0.13%,10.99
https://cvety.kz/products/17397/,3,806,0.37%,2.24
https://cvety.kz/astana/flowers/to-girl/,3,520,0.58%,8.07
https://cvety.kz/products/20938/,3,474,0.63%,2.11
https://cvety.kz/almaty/flowers/to-childs/,3,449,0.67%,6.59
https://cvety.kz/products/21161/,3,412,0.73%,5.55
https://cvety.kz/en/products/19302/,3,350,0.86%,2.23
https://cvety.kz/products/21877/,3,263,1.14%,7.52
https://cvety.kz/almaty/flowers/irises/,3,257,1.17%,15.33
https://cvety.kz/products/22418/,3,250,1.2%,8.8
https://cvety.kz/uralsk/flowers/cheap/,3,242,1.24%,36.47
https://cvety.kz/products/16205/,3,239,1.26%,21.34
https://cvety.kz/products/17240/,3,219,1.37%,12.01
https://cvety.kz/atbasar/,3,182,1.65%,9.58
https://cvety.kz/nur-sultan/sweets/cakes/,3,168,1.79%,11.07
https://cvety.kz/uralsk/flowers/peonies/,3,163,1.84%,10.64
https://cvety.kz/products/11653/,3,160,1.88%,8.72
https://cvety.kz/products/14773/,3,143,2.1%,5.51
https://cvety.kz/shymkent/plants/,3,139,2.16%,13.4
https://cvety.kz/taraz/flowers/chrysanthemums/,3,134,2.24%,8.07
https://cvety.kz/products/10219/,3,129,2.33%,7.93
https://cvety.kz/products/14832/,3,128,2.34%,4.67
https://cvety.kz/kapchagay/bodysuits/,3,128,2.34%,10.31
https://cvety.kz/products/21328/,3,126,2.38%,4.86
https://cvety.kz/kaskelen/balloons/,3,126,2.38%,8.99
https://cvety.kz/kostanay/flowers/to-men/,3,125,2.4%,6.52
https://cvety.kz/nur-sultan/sweets/,3,123,2.44%,11.87
https://cvety.kz/atyrau/plants/,3,120,2.5%,9.72
https://cvety.kz/karaganda/flowers/gipsofila/,3,111,2.7%,10.73
https://cvety.kz/aktobe/opt/,3,107,2.8%,11.72
https://cvety.kz/aktobe/flowers/chrysanthemums/,3,98,3.06%,11.44
https://cvety.kz/products/10450/,3,93,3.23%,7.26
https://cvety.kz/temirtau/balloons/,3,92,3.26%,8.04
https://cvety.kz/sarkand/,3,92,3.26%,15.64
https://cvety.kz/products/11432/,3,91,3.3%,5.12
https://cvety.kz/taraz/flowers/hydrangeas/,3,84,3.57%,13.61
https://cvety.kz/ereymentau/,3,83,3.61%,11.96
https://cvety.kz/products/15669/,3,77,3.9%,3.82
https://cvety.kz/pavlodar/flowers/sweets/,3,74,4.05%,13.28
https://cvety.kz/en/almaty/plants/,3,72,4.17%,6.49
https://cvety.kz/kokshetau/balloons/,3,69,4.35%,10.19
https://blog.cvety.kz/marketing,3,68,4.41%,9.96
https://cvety.kz/balkhash/plants/,3,67,4.48%,9.55
https://cvety.kz/atyrau/bodysuits/,3,64,4.69%,18.05
https://blog.cvety.kz/,3,56,5.36%,13.52
https://cvety.kz/en/products/13830/,3,54,5.56%,1.7
https://cvety.kz/taraz/fruits/,3,51,5.88%,10.73
https://cvety.kz/uralsk/reviews/,3,50,6%,12.9
https://cvety.kz/kaskelen/plants/,3,45,6.67%,11
https://cvety.kz/kostanay/flowers/alstroemerias/,3,45,6.67%,23.18
https://cvety.kz/karaganda/flowers/to-men/,3,44,6.82%,15.23
https://cvety.kz/products/13080/,3,43,6.98%,30.23
https://cvety.kz/ushtobe/contacts/,3,40,7.5%,13.62
https://cvety.kz/ust-kamenogorsk/fruits/,3,39,7.69%,10.38
https://cvety.kz/zhezkazgan/balloons/,3,39,7.69%,13.56
https://cvety.kz/en/astana/balloons/,3,38,7.89%,5.16
https://cvety.kz/products/14163/,3,38,7.89%,14.39
https://cvety.kz/aktobe/gifts/for-birthday/,3,35,8.57%,11.09
https://cvety.kz/karaganda/gifts/,3,35,8.57%,18.11
https://cvety.kz/taraz/tights/,3,34,8.82%,6.91
https://cvety.kz/rudny/flowers/hydrangeas/,3,34,8.82%,15.62
https://cvety.kz/nur-sultan/gifts/to-teacher/,3,33,9.09%,5.73
https://cvety.kz/kokshetau/gift-certificates/,3,33,9.09%,8.09
https://cvety.kz/aktau/flowers/for-wedding/,3,33,9.09%,11.36
https://cvety.kz/turkestan/soft-toys/,3,33,9.09%,12.7
https://cvety.kz/esik/balloons/,3,32,9.38%,8.5
https://cvety.kz/products/10692/,3,32,9.38%,12.5
https://cvety.kz/products/11038/,3,30,10%,3.7
https://cvety.kz/en/taldykorgan/,3,30,10%,12.1
https://cvety.kz/kapchagay/plants/,3,27,11.11%,8.67
https://cvety.kz/ayagoz/bodysuits/,3,25,12%,4.76
https://cvety.kz/aktau/fruits/,3,22,13.64%,8.45
https://cvety.kz/saran/balloons/,3,21,14.29%,10.1
https://cvety.kz/rudny/gift-certificates/,3,20,15%,4.5
https://cvety.kz/petropavl/flowers/hydrangeas/,3,20,15%,9.7
https://cvety.kz/astana/broshi-i-bulavki/,3,20,15%,14.15
https://cvety.kz/aktobe/fruits/,3,18,16.67%,9.94
https://cvety.kz/products/22622/,3,17,17.65%,5.29
https://cvety.kz/zaysan/plants/,3,17,17.65%,10.47
https://cvety.kz/ridder/balloons/,3,16,18.75%,7.31
https://cvety.kz/products/21490/,3,16,18.75%,7.88
https://cvety.kz/ust-kamenogorsk/sweets/,3,16,18.75%,9.19
https://cvety.kz/kyzylorda/gifts/,3,16,18.75%,11.69
https://cvety.kz/en/semey/gifts/,3,15,20%,7.8
https://cvety.kz/petropavl/fruits/,3,14,21.43%,10.43
https://cvety.kz/ekibastuz/bodysuits/,3,13,23.08%,17.23
https://cvety.kz/products/15867/,3,13,23.08%,20.08
https://cvety.kz/khromtau/bodysuits/,3,12,25%,7.83
https://cvety.kz/aksay/bodysuits/,3,12,25%,8.58
https://cvety.kz/balkhash/fruits/,3,10,30%,5.3
https://cvety.kz/shymkent/flowers/gerbera/,3,10,30%,10.2
https://cvety.kz/ust-kamenogorsk/fruits//,3,8,37.5%,5
https://cvety.kz/lenger/bodysuits/,3,7,42.86%,2.86
https://cvety.kz/astana/flowers/to-teacher/,2,19331,0.01%,5.87
https://cvety.kz/products/15894/,2,7772,0.03%,3.79
https://cvety.kz/products/10232/,2,1479,0.14%,4.07
https://cvety.kz/zaysan/,2,1188,0.17%,5.64
https://cvety.kz/products/15026/,2,1112,0.18%,5.5
https://cvety.kz/products/17781/,2,1079,0.19%,2.6
https://cvety.kz/products/15810/,2,1064,0.19%,5.43
https://cvety.kz/almaty/flowers/lilacs/,2,961,0.21%,17.3
https://blog.cvety.kz/10-longterm-flowers,2,834,0.24%,21.36
https://cvety.kz/products/19767/,2,654,0.31%,3.61
https://cvety.kz/products/16040/,2,621,0.32%,4.05
https://cvety.kz/products/18829/,2,583,0.34%,6.95
https://cvety.kz/astana/flowers/to-fiancee/,2,549,0.36%,13.69
https://cvety.kz/karaganda/flowers/roses/,2,522,0.38%,7.12
https://cvety.kz/astana/flowers/daisies/,2,516,0.39%,11.34
https://cvety.kz/products/13932/,2,474,0.42%,5.15
https://cvety.kz/pavlodar/flowers/gipsofila/,2,418,0.48%,9.34
https://cvety.kz/products/16520/,2,417,0.48%,8.62
https://cvety.kz/almaty/soft-toys/for-birthday/,2,384,0.52%,6
https://cvety.kz/products/17399/,2,368,0.54%,12.58
https://cvety.kz/shymkent/flowers/to-fiancee/,2,360,0.56%,25.26
https://cvety.kz/en/kaskelen/,2,345,0.58%,68.12
https://cvety.kz/products/19768/,2,319,0.63%,2.02
https://cvety.kz/uralsk/flowers/roses/,2,288,0.69%,8.77
https://cvety.kz/ust-kamenogorsk/flowers/dutch-roses/,2,238,0.84%,4.82
https://cvety.kz/products/19348/,2,224,0.89%,2.42
https://cvety.kz/products/14823/,2,214,0.93%,12.42
https://cvety.kz/products/13472/,2,209,0.96%,3.82
https://cvety.kz/products/22830/,2,205,0.98%,5.04
https://cvety.kz/products/10744/,2,199,1.01%,7.1
https://cvety.kz/almaty/balloons/for-birthday/,2,199,1.01%,21.48
https://cvety.kz/products/13082/,2,198,1.01%,18.1
https://cvety.kz/almaty/soft-toys/cheap/,2,189,1.06%,9.83
https://cvety.kz/products/18973/,2,165,1.21%,10.08
https://cvety.kz/products/19353/,2,155,1.29%,4.17
https://cvety.kz/atyrau/balloons/,2,151,1.32%,10.67
https://cvety.kz/aktau/flowers/cheap/,2,144,1.39%,32.08
https://cvety.kz/products/13090/,2,137,1.46%,9.33
https://cvety.kz/products/15610/,2,135,1.48%,11.27
https://cvety.kz/en/astana/soft-toys/,2,131,1.53%,8.56
https://cvety.kz/products/17033/,2,120,1.67%,15.32
https://cvety.kz/ust-kamenogorsk/flowers/hydrangeas/,2,118,1.69%,6.45
https://cvety.kz/products/15838/,2,117,1.71%,5.26
https://cvety.kz/products/13602/,2,117,1.71%,12.4
https://cvety.kz/products/13797/,2,115,1.74%,4.96
https://cvety.kz/shymkent/flowers/in-the-basket/,2,111,1.8%,6.27
https://cvety.kz/karkaraly/,2,111,1.8%,10.83
https://cvety.kz/ust-kamenogorsk/plants/,2,105,1.9%,12.66
https://cvety.kz/atyrau/flowers/cheap/,2,104,1.92%,33.5
https://blog.cvety.kz/p,2,103,1.94%,21.88
https://cvety.kz/docs/,2,102,1.96%,2.56
https://cvety.kz/products/22684/,2,100,2%,6.7
https://cvety.kz/rudny/gifts/,2,99,2.02%,8.07
https://cvety.kz/products/13867/,2,98,2.04%,4.89
https://cvety.kz/products/21680/,2,98,2.04%,6.08
https://cvety.kz/pavlodar/flowers/for-wedding/,2,97,2.06%,5.48
https://cvety.kz/products/12772/,2,96,2.08%,7.8
https://cvety.kz/talgar/plants/,2,96,2.08%,11.79
https://cvety.kz/karatau/,2,92,2.17%,10.51
https://cvety.kz/taraz/gift-certificates/,2,88,2.27%,22.26
https://cvety.kz/almaty/gifts/to-childs/,2,86,2.33%,23.94
https://cvety.kz/products/17426/,2,84,2.38%,10.55
https://cvety.kz/products/13542/,2,84,2.38%,12.52
https://cvety.kz/semey/flowers/dutch-roses/,2,82,2.44%,12.11
https://cvety.kz/shymkent/gifts/,2,81,2.47%,12.52
https://cvety.kz/products/22366/,2,77,2.6%,6.14
https://cvety.kz/products/19622/,2,76,2.63%,11.26
https://cvety.kz/products/23104/,2,75,2.67%,7.91
https://cvety.kz/nur-sultan/gifts/to-mother/,2,74,2.7%,7.27
https://cvety.kz/products/21338/,2,73,2.74%,5.08
https://cvety.kz/embi/,2,72,2.78%,21.28
https://cvety.kz/products/16368/,2,69,2.9%,10.94
https://cvety.kz/taldykorgan/flowers/peonies/,2,69,2.9%,13.57
https://cvety.kz/nur-sultan/flowers/opt/,2,68,2.94%,12.31
https://cvety.kz/products/16017/,2,67,2.99%,5.24
https://cvety.kz/shymkent/flowers/to-men/,2,67,2.99%,12.69
https://cvety.kz/shymkent/flowers/lilies/,2,65,3.08%,15.77
https://cvety.kz/kokshetau/plants/,2,64,3.12%,11.27
https://cvety.kz/karkaraly/contacts/,2,64,3.12%,12.72
https://cvety.kz/en/astana/plants/,2,63,3.17%,6.97
https://cvety.kz/reviews/?PAGEN_1=4,2,63,3.17%,7.44
https://cvety.kz/atyrau/lingerie/,2,63,3.17%,12.19
https://cvety.kz/products/20752/,2,61,3.28%,4.36
https://cvety.kz/en/temirtau/,2,61,3.28%,9.39
https://cvety.kz/products/17114/,2,57,3.51%,4
https://cvety.kz/products/19027/,2,57,3.51%,7.53
https://cvety.kz/products/10370/,2,56,3.57%,6.59
https://cvety.kz/products/19310/,2,55,3.64%,3.25
https://cvety.kz/nur-sultan/gifts/for-birthday/,2,54,3.7%,8.76
https://cvety.kz/nur-sultan/flowers/alstroemerias/,2,54,3.7%,8.87
https://cvety.kz/aksay/plants/,2,53,3.77%,15.25
https://cvety.kz/semey/opt/,2,53,3.77%,30.49
https://cvety.kz/shymkent/bodysuits/,2,53,3.77%,36.43
https://cvety.kz/en/reviews/,2,52,3.85%,3.08
https://cvety.kz/kyzylorda/flowers/roses/,2,52,3.85%,13.06
https://cvety.kz/products/16550/,2,51,3.92%,3.04
https://cvety.kz/ust-kamenogorsk/bodysuits/,2,51,3.92%,11.45
https://cvety.kz/aktobe/flowers/carnations/,2,49,4.08%,8.59
https://cvety.kz/products/10112/,2,49,4.08%,10.06
https://cvety.kz/taldykorgan/plants/,2,49,4.08%,14.37
https://cvety.kz/products/20879/,2,48,4.17%,17.17
https://cvety.kz/zhitikara/plants/,2,48,4.17%,30.33
https://cvety.kz/products/22999/,2,47,4.26%,12.06
https://cvety.kz/products/16662/,2,47,4.26%,13.43
https://cvety.kz/products/22562/,2,46,4.35%,3.43
https://cvety.kz/ekibastuz/flowers/roses/,2,46,4.35%,8.09
https://cvety.kz/ereymentau/contacts/,2,46,4.35%,8.37
https://cvety.kz/semey/fruits/,2,44,4.55%,7.8
https://cvety.kz/products/14538/,2,44,4.55%,7.86
https://cvety.kz/karaganda/tights/,2,43,4.65%,8.58
https://cvety.kz/en/turkestan/,2,43,4.65%,30.42
https://cvety.kz/shymkent/corsets/,2,42,4.76%,8.38
https://cvety.kz/products/18653/,2,40,5%,5.97
https://cvety.kz/pavlodar/sweets/,2,40,5%,7.17
https://cvety.kz/kostanay/sweets/cakes/,2,39,5.13%,19.79
https://cvety.kz/products/20312/,2,38,5.26%,7.71
https://cvety.kz/products/22833/,2,38,5.26%,9.26
https://cvety.kz/ayagoz/contacts/,2,37,5.41%,18.7
https://cvety.kz/products/18760/,2,36,5.56%,16.25
https://cvety.kz/reviews/?PAGEN_1=90,2,34,5.88%,12.03
https://cvety.kz/kyzylorda/balloons/,2,32,6.25%,8.72
https://cvety.kz/products/21761/,2,31,6.45%,5
https://cvety.kz/atyrau/corsets/,2,31,6.45%,8.06
https://cvety.kz/semey/gift-certificates/,2,31,6.45%,9.1
https://cvety.kz/aksu/sweets/bento-cakes/,2,31,6.45%,13.58
https://cvety.kz/atyrau/soft-toys/,2,31,6.45%,14.55
https://cvety.kz/products/14093/,2,30,6.67%,3.2
https://cvety.kz/pavlodar/reviews/,2,30,6.67%,7.37
https://cvety.kz/kokshetau/bodysuits/,2,30,6.67%,12.33
https://cvety.kz/satpayev/plants/,2,30,6.67%,14.2
https://cvety.kz/ust-kamenogorsk/flowers/for-wedding/,2,29,6.9%,5.86
https://cvety.kz/zharkent/flowers/roses/,2,29,6.9%,8.9
https://cvety.kz/almaty/tights/,2,29,6.9%,23.83
https://cvety.kz/kokshetau/flowers/lilies/,2,28,7.14%,8.25
https://cvety.kz/products/15996/,2,28,7.14%,8.61
https://cvety.kz/petropavl/bodysuits/,2,28,7.14%,14.82
https://cvety.kz/almaty/flowers/opt/,2,28,7.14%,15.18
https://cvety.kz/kentau/bodysuits/,2,27,7.41%,11.41
https://cvety.kz/uralsk/gifts/,2,27,7.41%,18.44
https://cvety.kz/shymkent/flowers/eustomas/,2,26,7.69%,5.23
https://cvety.kz/ekibastuz/thermal-underwear/,2,26,7.69%,35.04
https://cvety.kz/uralsk/gifts/for-birthday/,2,24,8.33%,8.62
https://cvety.kz/products/13554/,2,24,8.33%,10.25
https://cvety.kz/talgar/soft-toys/,2,24,8.33%,27.79
https://cvety.kz/zharkent/balloons/,2,23,8.7%,6.96
https://cvety.kz/ekibastuz/gift-certificates/,2,23,8.7%,8.04
https://cvety.kz/products/12207/,2,23,8.7%,12.35
https://cvety.kz/petropavl/balloons/,2,23,8.7%,13.78
https://cvety.kz/shu/plants/,2,21,9.52%,9
https://cvety.kz/ust-kamenogorsk/broshi-i-bulavki/,2,21,9.52%,9.05
https://cvety.kz/ust-kamenogorsk/gift-certificates/,2,21,9.52%,10.48
https://cvety.kz/rudny/flowers/sweets/,2,21,9.52%,15.48
https://cvety.kz/ust-kamenogorsk/korziny/,2,20,10%,6.2
https://cvety.kz/uralsk/corsets/,2,20,10%,9.5
https://cvety.kz/esik/bodysuits/,2,20,10%,10.7
https://cvety.kz/rudny/flowers/carnations/,2,19,10.53%,4.16
https://cvety.kz/kandyagash/plants/,2,19,10.53%,5.95
https://cvety.kz/temirtau/tights/,2,18,11.11%,8.06
https://cvety.kz/products/100032/,2,18,11.11%,9.06
https://cvety.kz/zyryanovsk/plants/,2,18,11.11%,10.72
https://cvety.kz/talgar/fruits/,2,17,11.76%,19.71
https://cvety.kz/karatau/fruits/,2,16,12.5%,4.62
https://cvety.kz/baikonur/plants/,2,16,12.5%,8.19
https://cvety.kz/ust-kamenogorsk/gifts/to-men/,2,16,12.5%,11.75
https://cvety.kz/nur-sultan/tights/,2,16,12.5%,14.88
https://cvety.kz/shchuchinsk/flowers/chrysanthemums/,2,15,13.33%,2.93
https://cvety.kz/products/22293/,2,15,13.33%,4.4
https://cvety.kz/atyrau/korziny/,2,15,13.33%,9.87
https://cvety.kz/astana/gifts/for-wedding/,2,15,13.33%,14.47
https://cvety.kz/nur-sultan/balloons/large/,2,15,13.33%,14.8
https://cvety.kz/taldykorgan/flowers/chrysanthemums/,2,14,14.29%,7.29
https://cvety.kz/aktobe/peignoirs/,2,13,15.38%,4.92
https://cvety.kz/karaganda/gifts/to-teacher/,2,13,15.38%,7.08
https://cvety.kz/saran/lingerie/,2,13,15.38%,9.92
https://cvety.kz/pavlodar/tights/,2,13,15.38%,13
https://cvety.kz/en/nur-sultan/sweets/,2,12,16.67%,4.25
https://cvety.kz/products/17106/,2,12,16.67%,5.08
https://cvety.kz/taldykorgan/fruits/,2,12,16.67%,7.67
https://cvety.kz/semey/flowers/sweets/,2,12,16.67%,10.17
https://cvety.kz/lisakovsk/fruits/,2,12,16.67%,11
https://cvety.kz/nur-sultan/flowers/530931/?PAGEN_1=2,2,12,16.67%,15.67
https://cvety.kz/zaysan/bodysuits/,2,12,16.67%,26.5
https://cvety.kz/products/21494/,2,11,18.18%,5.27
https://cvety.kz/semey/korziny/,2,11,18.18%,8.45
https://cvety.kz/zhetisay/balloons/,2,10,20%,3.9
https://cvety.kz/en/nur-sultan/soft-toys/,2,10,20%,5
https://cvety.kz/en/aksay/products/,2,10,20%,5.2
https://cvety.kz/sergeevka/plants/,2,10,20%,12.7
https://cvety.kz/kaskelen/flowers/peonies/,2,10,20%,17.6
https://cvety.kz/en/aktobe/flowers/in-box/,2,9,22.22%,6.89
https://cvety.kz/products/19464/,2,9,22.22%,14
https://cvety.kz/semey/flowers/for-birthday/,2,9,22.22%,21
https://cvety.kz/products/16677/,2,8,25%,26
https://cvety.kz/kaskelen/flowers/cheap/,2,8,25%,32.5
https://cvety.kz/en/?PAGEN_1=14,2,7,28.57%,3.71
https://cvety.kz/kulsary/flowers/roses/,2,7,28.57%,5.43
https://cvety.kz/zhanatas/plants/,2,7,28.57%,7.71
https://cvety.kz/shu/gifts/,2,7,28.57%,8
https://cvety.kz/ereymentau/flowers/roses/,2,7,28.57%,10.86
https://cvety.kz/alga/plants/,2,7,28.57%,11.43
https://cvety.kz/zhezkazgan/gifts/,2,7,28.57%,14.29
https://cvety.kz/satpayev/gift-certificates/,2,6,33.33%,3.33
https://cvety.kz/kaskelen/gift-certificates/,2,6,33.33%,5
https://cvety.kz/stepnogorsk/fruits/,2,6,33.33%,5.5
https://cvety.kz/kokshetau/flowers/to-fiancee/,2,6,33.33%,5.83
https://cvety.kz/zhitikara/lingerie/,2,6,33.33%,8.5
https://cvety.kz/kapchagay/sweets/,2,6,33.33%,9
https://cvety.kz/ridder/gift-certificates/,2,5,40%,1.8
https://cvety.kz/kapchagay/gift-certificates/,2,5,40%,3
https://cvety.kz/aktobe/flowers/lilacs/,2,5,40%,5.8
https://cvety.kz/ridder/flowers/lilacs/,2,5,40%,10.6
https://cvety.kz/ushtobe/flowers/roses/,2,5,40%,21.6
https://cvety.kz/products/17789/,2,4,50%,3.75
https://cvety.kz/atyrau/fruits/,2,4,50%,9.75
https://cvety.kz/en/aktobe/flowers/71309/,2,3,66.67%,1.67
https://cvety.kz/aksay/fruits/,2,3,66.67%,2
https://cvety.kz/ridder/fruits/,2,3,66.67%,4.33
https://cvety.kz/products/21488/,2,3,66.67%,8
https://cvety.kz/atbasar/flowers/sweets/,2,3,66.67%,15.67
https://cvety.kz/stepnogorsk/sweets/,2,3,66.67%,15.67
https://cvety.kz/taraz/flowers/on-knowledge-day/,2,3,66.67%,45.67
https://stab.cvety.kz/products/12224/,2,2,100%,2.5
https://cvety.kz/zhetisay/flowers/cheap/,2,2,100%,14.5
https://cvety.kz/products/18342/,1,2623,0.04%,2
https://cvety.kz/products/10757/,1,1726,0.06%,1.73
https://cvety.kz/products/12117/,1,1667,0.06%,2.27
https://blog.cvety.kz/how-to-dry-flowers#what_flowers_to_dry,1,1352,0.07%,7.74
https://blog.cvety.kz/cvety-sestre,1,1298,0.08%,36.82
https://cvety.kz/products/10580/,1,1242,0.08%,1.43
https://cvety.kz/astana/flowers/on-knowledge-day/,1,1088,0.09%,23.48
https://blog.cvety.kz/1-sept,1,991,0.1%,61.9
https://blog.cvety.kz/bouquetbride#why_throw_a_bouquet,1,932,0.11%,7.18
https://cvety.kz/products/13089/,1,903,0.11%,52.59
https://cvety.kz/products/12194/,1,839,0.12%,1.47
https://cvety.kz/products/13094/,1,817,0.12%,9.81
https://cvety.kz/astana/flowers/mono-bouquets/,1,736,0.14%,8.75
https://cvety.kz/products/17284/,1,722,0.14%,6.43
https://cvety.kz/nur-sultan/flowers/for-birthday/,1,688,0.15%,18.61
https://cvety.kz/products/10782/,1,629,0.16%,2.46
https://cvety.kz/products/10997/,1,556,0.18%,24.72
https://cvety.kz/products/12677/,1,523,0.19%,6.11
https://cvety.kz/products/20726/,1,515,0.19%,6.24
https://cvety.kz/products/19317/,1,490,0.2%,7.15
https://cvety.kz/products/11780/,1,476,0.21%,6.22
https://cvety.kz/nur-sultan/flowers/dutch-roses/,1,474,0.21%,9.75
https://blog.cvety.kz/summer-bouquet,1,434,0.23%,31.79
https://cvety.kz/products/15393/,1,433,0.23%,7.95
https://cvety.kz/nur-sultan/flowers/prefabricated-euro-bouquets/,1,429,0.23%,10.48
https://cvety.kz/products/19676/,1,428,0.23%,4.9
https://cvety.kz/products/18456/,1,424,0.24%,5.42
https://cvety.kz/products/10140/,1,402,0.25%,5.69
https://cvety.kz/almaty/flowers/mono-bouquets/,1,371,0.27%,6.46
https://cvety.kz/kostanay/flowers/on-international-womens-day/,1,369,0.27%,33.26
https://cvety.kz/semey/flowers/peonies/,1,346,0.29%,10.88
https://cvety.kz/products/15290/,1,345,0.29%,3.3
https://cvety.kz/products/13096/,1,341,0.29%,11.4
https://cvety.kz/products/18443/,1,333,0.3%,5.58
https://cvety.kz/nur-sultan/flowers/in-box/,1,333,0.3%,39.98
https://cvety.kz/products/17514/,1,291,0.34%,8.91
https://cvety.kz/products/23267/,1,280,0.36%,11.18
https://cvety.kz/products/15254/,1,274,0.36%,4.53
https://cvety.kz/products/16523/,1,261,0.38%,4.09
https://cvety.kz/products/12272/,1,257,0.39%,5.79
https://cvety.kz/products/15933/,1,243,0.41%,5.93
https://cvety.kz/products/22928/,1,233,0.43%,7.05
https://cvety.kz/products/17094/,1,229,0.44%,8.97
https://cvety.kz/products/11604/,1,219,0.46%,20.97
https://cvety.kz/products/18795/,1,218,0.46%,7.25
https://cvety.kz/products/21282/,1,213,0.47%,3.69
https://cvety.kz/products/11443/,1,210,0.48%,5.99
https://cvety.kz/products/18961/,1,209,0.48%,2.61
https://cvety.kz/products/22305/,1,207,0.48%,3.82
https://cvety.kz/products/17115/,1,197,0.51%,7.51
https://cvety.kz/pavlodar/sweets/strawberries-in-chocolate/,1,191,0.52%,8.61
https://cvety.kz/kokshetau/flowers/chrysanthemums/,1,187,0.53%,13.48
https://cvety.kz/products/11439/,1,186,0.54%,4.57
https://cvety.kz/aktobe/flowers/dutch-roses/,1,186,0.54%,9.5
https://cvety.kz/products/11992/,1,182,0.55%,5.07
https://cvety.kz/products/21467/,1,180,0.56%,6.21
https://cvety.kz/products/14574/,1,179,0.56%,3.1
https://cvety.kz/products/18633/,1,179,0.56%,7.74
https://cvety.kz/products/12982/,1,174,0.57%,10.61
https://cvety.kz/products/15896/,1,166,0.6%,1.93
https://cvety.kz/almaty/flowers/new-year/,1,165,0.61%,11.41
https://cvety.kz/aktau/flowers/chrysanthemums/,1,163,0.61%,6.98
https://cvety.kz/products/16394/,1,152,0.66%,14.43
https://cvety.kz/products/20422/,1,151,0.66%,6.87
https://cvety.kz/petropavl/flowers/to-fiancee/,1,148,0.68%,34.03
https://cvety.kz/astana/flowers/lilacs/,1,146,0.68%,18.85
https://cvety.kz/aktobe/flowers/peonies/,1,140,0.71%,7.63
https://cvety.kz/products/12688/,1,139,0.72%,6.42
https://cvety.kz/temirtau/plants/,1,134,0.75%,10.49
https://cvety.kz/products/20865/,1,130,0.77%,3.29
https://cvety.kz/products/16492/,1,127,0.79%,6.63
https://cvety.kz/products/12055/,1,127,0.79%,8.31
https://cvety.kz/nur-sultan/flowers/to-fiancee/,1,127,0.79%,12.98
https://cvety.kz/turkestan/sweets/bento-cakes/,1,123,0.81%,28.05
https://cvety.kz/products/18882/,1,121,0.83%,14.08
https://cvety.kz/products/19074/,1,119,0.84%,5.41
https://cvety.kz/products/12633/,1,115,0.87%,1.45
https://cvety.kz/kostanay/flowers/peony-roses/,1,115,0.87%,13.77
https://cvety.kz/products/12675/,1,111,0.9%,3.86
https://cvety.kz/kostanay/flowers/prefabricated-euro-bouquets/,1,111,0.9%,5.84
https://cvety.kz/products/21112/,1,110,0.91%,7
https://cvety.kz/shymkent/flowers/for-wedding/,1,110,0.91%,24.36
https://cvety.kz/products/13819/,1,109,0.92%,6.05
https://cvety.kz/products/15333/,1,109,0.92%,14.84
https://cvety.kz/almaty/plants/cheap/,1,109,0.92%,18.9
https://cvety.kz/products/20462/,1,105,0.95%,4.06
https://cvety.kz/products/12981/,1,105,0.95%,7.92
https://cvety.kz/products/14812/,1,104,0.96%,7.22
https://cvety.kz/products/22133/,1,103,0.97%,2.22
https://cvety.kz/products/12148/,1,103,0.97%,7.52
https://cvety.kz/products/22295/,1,103,0.97%,16.05
https://cvety.kz/products/22509/,1,102,0.98%,4.56
https://cvety.kz/products/17277/,1,99,1.01%,19.22
https://cvety.kz/products/20259/,1,98,1.02%,3.73
https://cvety.kz/products/18232/,1,98,1.02%,8.53
https://cvety.kz/rudny/balloons/,1,96,1.04%,8.06
https://cvety.kz/products/19981/,1,96,1.04%,9.33
https://cvety.kz/products/17444/,1,95,1.05%,2.14
https://cvety.kz/nur-sultan/flowers/carnations/,1,94,1.06%,10.09
https://cvety.kz/products/22325/,1,93,1.08%,3.78
https://cvety.kz/talgar/balloons/,1,93,1.08%,11.1
https://cvety.kz/products/17192/,1,93,1.08%,16.53
https://cvety.kz/en/talgar/,1,93,1.08%,27.83
https://cvety.kz/products/22858/,1,92,1.09%,11.63
https://cvety.kz/astana/gifts/to-girl/,1,91,1.1%,18.51
https://cvety.kz/products/20839/,1,90,1.11%,15.64
https://cvety.kz/shardara/,1,89,1.12%,11.65
https://cvety.kz/products/14802/,1,89,1.12%,21.56
https://cvety.kz/products/19995/,1,88,1.14%,6.36
https://cvety.kz/kostanay/flowers/peonies/,1,87,1.15%,10.46
https://cvety.kz/en/petropavl/,1,86,1.16%,35.6
https://blog.cvety.kz/nfactorial,1,85,1.18%,18.25
https://cvety.kz/products/12341/,1,84,1.19%,2.01
https://blog.cvety.kz/rabota,1,83,1.2%,14.49
https://cvety.kz/products/12170/,1,82,1.22%,5.83
https://cvety.kz/products/23019/,1,80,1.25%,8.43
https://cvety.kz/aktobe/flowers/hydrangeas/,1,80,1.25%,9.51
https://cvety.kz/aktau/flowers/peony-roses/,1,78,1.28%,9.96
https://cvety.kz/products/16125/,1,77,1.3%,4.34
https://cvety.kz/products/23127/,1,77,1.3%,31.05
https://cvety.kz/products/11017/,1,76,1.32%,2.07
https://blog.cvety.kz/flor,1,76,1.32%,26.82
https://cvety.kz/nur-sultan/flowers/free-delivery/,1,75,1.33%,9.01
https://cvety.kz/products/13368/,1,75,1.33%,10.75
https://cvety.kz/en/products/14508/,1,75,1.33%,12.08
https://cvety.kz/products/17038/,1,75,1.33%,14.15
https://cvety.kz/products/20378/,1,73,1.37%,2.96
https://cvety.kz/products/20625/,1,73,1.37%,7.53
https://cvety.kz/ust-kamenogorsk/flowers/carnations/,1,73,1.37%,11.71
https://cvety.kz/karaganda/flowers/in-box/,1,71,1.41%,7.17
https://cvety.kz/products/16230/,1,71,1.41%,26.23
https://cvety.kz/nur-sultan/flowers/to-childs/,1,70,1.43%,15.63
https://cvety.kz/products/10533/,1,67,1.49%,7.94
https://cvety.kz/products/10544/,1,67,1.49%,14.3
https://cvety.kz/products/13649/,1,66,1.52%,7.62
https://cvety.kz/products/18478/,1,66,1.52%,10.41
https://sitemap.cvety.kz/karazhal/contacts/,1,66,1.52%,11.44
https://cvety.kz/products/31532/,1,65,1.54%,9
https://cvety.kz/products/22662/,1,65,1.54%,19.29
https://cvety.kz/products/11744/,1,64,1.56%,7.19
https://cvety.kz/products/20350/,1,64,1.56%,8.73
https://cvety.kz/products/11173/,1,64,1.56%,12.3
https://cvety.kz/products/15921/,1,62,1.61%,3.69
https://cvety.kz/products/12091/,1,62,1.61%,10.6
https://cvety.kz/kostanay/flowers/to-girl/,1,61,1.64%,9.02
https://cvety.kz/en/ekibastuz/,1,61,1.64%,10.67
https://cvety.kz/products/12056/,1,61,1.64%,10.8
https://cvety.kz/aralsk/,1,61,1.64%,11.67
https://cvety.kz/petropavl/plants/,1,60,1.67%,15.05
https://cvety.kz/products/20623/,1,59,1.69%,8.02
https://cvety.kz/products/10400/,1,59,1.69%,8.47
https://cvety.kz/blog/,1,59,1.69%,34.29
https://cvety.kz/products/23001/,1,58,1.72%,7.03
https://cvety.kz/pavlodar/flowers/hydrangeas/,1,58,1.72%,11.36
https://cvety.kz/products/11279/,1,57,1.75%,4.25
https://cvety.kz/products/11080/,1,57,1.75%,5.05
https://cvety.kz/semey/flowers/chrysanthemums/,1,56,1.79%,9.8
https://cvety.kz/products/16941/,1,55,1.82%,9.42
https://cvety.kz/shalkar/,1,55,1.82%,14.05
https://cvety.kz/products/10776/,1,54,1.85%,2.09
https://cvety.kz/products/16821/,1,54,1.85%,3.15
https://cvety.kz/products/13841/,1,54,1.85%,8.35
https://cvety.kz/products/13529/,1,53,1.89%,9.68
https://cvety.kz/makinsk/contacts/,1,53,1.89%,16.47
https://cvety.kz/products/15403/,1,52,1.92%,7.63
https://cvety.kz/stepnogorsk/sweets/strawberries-in-chocolate/,1,52,1.92%,18.29
https://cvety.kz/products/14724/,1,51,1.96%,4.12
https://cvety.kz/guarantee/,1,51,1.96%,8.2
https://cvety.kz/products/21273/,1,50,2%,2.62
https://cvety.kz/products/10764/,1,50,2%,4.24
https://cvety.kz/taraz/reviews/,1,50,2%,8.08
https://cvety.kz/petropavl/flowers/dutch-roses/,1,50,2%,9.32
https://cvety.kz/shymkent/gift-certificates/,1,50,2%,19.58
https://cvety.kz/nur-sultan/sweets/strawberries-in-chocolate/,1,49,2.04%,11.02
https://cvety.kz/taraz/flowers/cheap/,1,49,2.04%,28.9
https://cvety.kz/products/20200/,1,48,2.08%,5.04
https://cvety.kz/ridder/flowers/roses/,1,48,2.08%,17.15
https://cvety.kz/products/18648/,1,46,2.17%,1.67
https://cvety.kz/products/22805/,1,46,2.17%,2.26
https://cvety.kz/kokshetau/flowers/gipsofila/,1,46,2.17%,9.41
https://cvety.kz/en/kulsary/,1,46,2.17%,20.78
https://cvety.kz/kokshetau/reviews/,1,46,2.17%,22.3
https://cvety.kz/products/18045/,1,45,2.22%,3.49
https://flover.cvety.kz/products/19573/,1,45,2.22%,6.11
https://cvety.kz/products/20806/,1,45,2.22%,6.89
https://cvety.kz/products/11206/,1,45,2.22%,10.6
https://cvety.kz/rudny/flowers/peonies/,1,45,2.22%,11
https://cvety.kz/products/11699/,1,45,2.22%,21.98
https://cvety.kz/products/17682/,1,44,2.27%,9.18
https://cvety.kz/products/21441/,1,43,2.33%,6.02
https://cvety.kz/en/astana/gifts/,1,43,2.33%,6.42
https://cvety.kz/temirtau/flowers/roses/,1,43,2.33%,9.53
https://cvety.kz/products/10666/,1,42,2.38%,6.48
https://cvety.kz/shchuchinsk/flowers/roses/,1,41,2.44%,7.9
https://cvety.kz/products/22795/,1,40,2.5%,5.8
https://cvety.kz/products/22665/,1,40,2.5%,7.85
https://cvety.kz/products/14165/,1,39,2.56%,3.46
https://cvety.kz/products/14961/,1,39,2.56%,6.18
https://cvety.kz/products/10208/,1,39,2.56%,13.9
https://cvety.kz/products/12968/,1,39,2.56%,28.05
https://cvety.kz/products/23013/,1,38,2.63%,2.24