Top queries,Clicks,Impressions,CTR,Position
cvety kz,1261,1832,68.83%,1.03
цветы астана,520,6834,7.61%,3.06
цветы,448,81685,0.55%,4.11
цветы кз,420,642,65.42%,1.01
доставка цветов астана,343,4803,7.14%,3.2
цветы алматы,270,10221,2.64%,7.12
кустовые розы,206,20160,1.02%,3.09
букет за 5000 тенге алматы,177,796,22.24%,2.01
доставка цветов алматы,160,8583,1.86%,7.77
гипсофилы,159,49182,0.32%,7.49
доставка цветов костанай,138,1167,11.83%,2.35
цветы астана доставка,128,1308,9.79%,3.27
цветы алматы недорого,118,1546,7.63%,3.82
как засушить гипсофилу,112,646,17.34%,2.15
цветочный бизнес,107,763,14.02%,6.68
что подарить мужчине на день рождения,99,7330,1.35%,11.06
подарок мужчине,99,3880,2.55%,7.39
cvety.kz,97,165,58.79%,1
цветы костанай,93,1705,5.45%,3.8
как открыть цветочный магазин,86,1657,5.19%,8.25
доставка цветов павлодар,86,856,10.05%,2.73
пионы,85,49060,0.17%,5.48
цветы павлодар,82,1146,7.16%,4.29
букет цветов,80,13520,0.59%,4.62
как ухаживать за цветами в губке,80,2916,2.74%,3.86
сколько стоят лилии в воде,74,487,15.2%,1.27
cvetykz,73,104,70.19%,1.29
как открыть цветочный магазин в казахстане,72,133,54.14%,1
цветы шымкент,67,2202,3.04%,6.32
доставка цветов алматы дешево,66,1018,6.48%,4.76
доставка цветов шымкент,64,1089,5.88%,5.07
цветы астана недорого,63,1144,5.51%,4.22
заказ цветов астана,61,797,7.65%,3.1
заказать цветы астана,61,683,8.93%,3.23
cvety,56,538,10.41%,2.57
нужно ли ставить гипсофилы в воду,54,1142,4.73%,2.6
цветы фото,49,10559,0.46%,1.11
цветы доставка астана,48,706,6.8%,3.17
пионовидные розы,43,15232,0.28%,7.18
цветы с доставкой алматы,42,725,5.79%,6.9
комнатные цветы,41,3586,1.14%,6.74
цветы с доставкой астана,41,384,10.68%,3.16
что подарить мужчине,40,2996,1.34%,9.56
доставка цветов караганда,40,1656,2.42%,8.56
заказ цветов алматы,39,1709,2.28%,8.48
букет,38,5363,0.71%,8.81
цветы алматы доставка,38,1315,2.89%,7.56
роза,37,11914,0.31%,8.04
что подарить на день рождения мужчине,36,2471,1.46%,14.07
клубника в шоколаде астана,36,582,6.19%,8.5
пионы астана,36,567,6.35%,3.68
комнатные цветы астана,35,529,6.62%,5.38
купить цветы астана,35,476,7.35%,3.35
кустовые розы букет,34,1928,1.76%,4.4
открыть цветочный магазин,34,655,5.19%,5.58
как засушить гипсофилы,34,225,15.11%,2.04
нужно ли гипсофилы ставить в воду,33,868,3.8%,2.58
доставка цветов кокшетау,33,554,5.96%,8.05
цветы алматы бесплатная доставка,33,362,9.12%,2.86
как высушить гипсофилу,33,245,13.47%,2.28
заказать цветы алматы,32,1147,2.79%,7.39
доставка цветов в астане,32,462,6.93%,3.46
цветы караганда,30,1761,1.7%,8.88
кустовые розы цена,30,800,3.75%,7.17
цветы по акции алматы,30,199,15.08%,4.92
доставка цветов в павлодаре,30,191,15.71%,3.52
цветы костанай доставка,30,141,21.28%,1.95
цветы на заказ алматы,29,510,5.69%,6.77
алматы доставка цветов,29,494,5.87%,8.05
астана доставка цветов,29,435,6.67%,3.27
цветы на первом свидании этикет,29,162,17.9%,1.36
язык цветов,29,111,26.13%,3.79
цветы.кз,29,63,46.03%,1.11
заказ букетов алматы,28,1024,2.73%,6.47
цветы в астане,28,510,5.49%,2.89
астана цветы доставка,28,493,5.68%,3.74
дешевые цветы костанай,28,206,13.59%,2.98
голландские розы,27,9376,0.29%,3.2
доставка цветов астана акция,27,763,3.54%,7.07
доставка цветов в алматы,27,655,4.12%,7.57
что подарить на девичник,27,610,4.43%,6.73
дешевые цветы алматы,27,170,15.88%,2.22
пион цветок,26,1758,1.48%,2.71
сколько простоят цветы в губке,26,508,5.12%,2.7
розы алматы,26,468,5.56%,2.55
хризантема,25,22854,0.11%,12.15
flowers almaty,25,220,11.36%,4.6
flower delivery almaty,25,92,27.17%,2.14
пионы цена,24,4402,0.55%,6.49
гипсофилы букет,24,3472,0.69%,6.36
нужна ли вода гипсофилам,24,422,5.69%,1.24
цветы павлодар доставка,24,191,12.57%,2.72
almaty flowers,24,139,17.27%,2.35
подписка на цветы алматы,24,68,35.29%,1.97
гипсофилы цена,23,1230,1.87%,6.28
цветочный бизнес с нуля,23,665,3.46%,8.73
сколько стоят цветы в губке,23,350,6.57%,2.87
комнатные растения астана,23,297,7.74%,4.38
доставка цветов рудный,23,223,10.31%,5
как засушить цветы,22,2898,0.76%,7.88
доставка цветов,22,2096,1.05%,20.21
комнатные растения,22,1678,1.31%,6.82
клубника в шоколаде алматы,22,963,2.28%,13.17
цветы доставка алматы,22,793,2.77%,7.84
розы астана,22,249,8.84%,3.32
эустома,21,8965,0.23%,11.52
гортензия цена 1 шт,21,765,2.75%,7.09
доставка тортов астана круглосуточно,21,354,5.93%,4.59
букет за 3000 тенге алматы,21,179,11.73%,2.13
гипсофилы значение,20,1592,1.26%,3.83
кустовые розы астана,20,192,10.42%,2.03
доставка цветов костанай круглосуточно,20,141,14.18%,2.17
цветы значение,20,41,48.78%,9.17
цветы пионы,19,4734,0.4%,8.58
фруктовая корзина,19,1304,1.46%,6.83
доставка цветов уральск,19,686,2.77%,9.03
букеты алматы,19,517,3.68%,7.34
нужна ли гипсофилам вода,19,451,4.21%,1.18
цветы оптом астана,19,440,4.32%,7.36
астана цветы,19,314,6.05%,2.94
букеты астана,19,225,8.44%,3.99
какие цветы что означают,19,77,24.68%,2.01
вкусняшки,18,10864,0.17%,1.85
доставка цветов актобе,18,769,2.34%,8.89
эмоциональный подарок на день рождения мужчине,18,595,3.03%,8.87
цветочные магазины алматы,18,422,4.27%,3.12
гипсофилы надо ставить в воду,18,356,5.06%,2.49
дешевые цветы павлодар,18,325,5.54%,6.44
местные розы,18,272,6.62%,1.2
костанай доставка цветов,18,128,14.06%,2.54
заказ цветов павлодар,18,93,19.35%,1.82
гипсофила как засушить,18,90,20%,1.96
голландская роза,17,2123,0.8%,2.09
цветок пион,17,1246,1.36%,5.22
доставка цветов актау,17,485,3.51%,6.73
цветы рудный,17,393,4.33%,5.7
цветы шымкент доставка,17,306,5.56%,5.39
доставка цветов петропавловск казахстан,17,244,6.97%,8.52
как сушить гипсофилу,17,150,11.33%,2.33
flowers astana,17,146,11.64%,2.25
astana flowers,17,95,17.89%,1.49
самые дешевые цветы алматы,17,86,19.77%,2.08
цветы и их значения,17,37,45.95%,4.7
цветы кз астана,17,32,53.12%,1
что можно подарить мужчине на день рождения,16,1424,1.12%,17.12
цветы актау,16,1088,1.47%,8.08
пионовидные розы цена,16,1075,1.49%,20.13
заказ цветов,16,693,2.31%,15.61
шары астана,16,496,3.23%,4.25
розы астана 180 тенге,16,487,3.29%,4.38
как открыть цветочный бизнес на дому,16,385,4.16%,6.75
дешевые цветы астана,16,114,14.04%,3.21
almaty flower delivery,16,96,16.67%,1.79
happiness цветы,16,73,21.92%,2.85
хризантемы,15,14727,0.1%,13.58
цветы тараз,15,1118,1.34%,8.7
сколько стоят лилии,15,683,2.2%,12.65
доставка цветов тараз,15,311,4.82%,6.38
как стабилизировать гипсофилу,15,283,5.3%,2.99
цветы на заказ астана,15,244,6.15%,3.64
заказать цветы в алматы,15,214,7.01%,7.35
боди жетысай,15,174,8.62%,6.14
бизнес цветочный магазин,15,138,10.87%,8.42
заказать цветы павлодар,15,135,11.11%,3.52
цветы недорого алматы,15,103,14.56%,3.82
astana flower delivery,15,47,31.91%,1.4
букеты цветов,14,1719,0.81%,13.87
хризантема цена 1 шт алматы,14,277,5.05%,2.95
гипсофила нужно ли ставить в воду,14,272,5.15%,2.54
как покрасить хризантему,14,225,6.22%,2.35
значение цветов,14,52,26.92%,3.52
купить цветы алматы,13,1029,1.26%,8.66
цветы кокшетау,13,698,1.86%,8.35
заказать цветы,13,621,2.09%,22.29
сколько стоит букет цветов,13,396,3.28%,6.35
цветы в алматы с доставкой,13,257,5.06%,7.5
цветы костанай недорого,13,205,6.34%,3.09
доставка цветов в костанае,13,125,10.4%,2.89
заказать цветы костанай,13,120,10.83%,1.8
описание пиона в художественном стиле,13,94,13.83%,3.73
павлодар цветы,13,93,13.98%,3.77
цветы кз алматы,13,21,61.9%,1
пиона,12,5065,0.24%,5.59
пион,12,4080,0.29%,11.03
гортензия букет,12,2843,0.42%,6.79
французские розы,12,2413,0.5%,5.23
эустома фото,12,1254,0.96%,7.04
сколько стоят гипсофилы,12,1050,1.14%,3.71
пионы это,12,579,2.07%,5.48
цветы в алматы,12,464,2.59%,7.59
гипсофилы нужно ставить в воду,12,389,3.08%,2.52
алматы цветы,12,373,3.22%,6.04
надо ли гипсофилы ставить в воду,12,321,3.74%,2.53
цветы в губке как ухаживать,12,316,3.8%,4.04
доставка цветов казахстан,12,269,4.46%,6.56
мягкие игрушки астана,12,236,5.08%,3.3
кустовые розы алматы,12,219,5.48%,4.26
купить цветы в астане,12,195,6.15%,3.21
цветы в астане недорого,12,192,6.25%,4.16
торты астана круглосуточно,12,177,6.78%,4.87
цветы в горшках астана,12,152,7.89%,5.83
как сохранить гипсофилу как сухоцвет,12,142,8.45%,1.92
лилии астана,12,115,10.43%,4.08
как правильно дарить цветы девушке на свидании,12,86,13.95%,1.9
костанай цветы доставка,12,76,15.79%,2.71
flowers kazakhstan,12,62,19.35%,1.23
flower delivery astana,12,38,31.58%,1.55
розы,11,4611,0.24%,12.85
гортензии букет,11,1336,0.82%,14.9
купить цветы,11,1025,1.07%,19.31
цветы в горшках,11,791,1.39%,10.77
подарок мужчине на день рождение,11,632,1.74%,12.25
подарок для мужчины,11,573,1.92%,6.25
цветочный магазин костанай,11,456,2.41%,7.09
подарок на девичник,11,450,2.44%,7.8
шымкент доставка цветов,11,183,6.01%,5.24
подарки астана,11,169,6.51%,6.41
цветы доставка шымкент,11,165,6.67%,4.42
гипсофилы алматы,11,160,6.88%,5.71
воздушные шары астана,11,149,7.38%,2.36
доставка цветов алматы круглосуточно,11,123,8.94%,2.93
цветы доставка павлодар,11,114,9.65%,3.79
костанай цветы,11,100,11%,2.81
павлодар доставка цветов,11,97,11.34%,3.36
фруктовая корзина астана,11,77,14.29%,6.3
гипсофила,10,4286,0.23%,10.52
букет цветов фото,10,4115,0.24%,1.31
бенто торт,10,3137,0.32%,5.21
букет роз,10,2630,0.38%,16.9
гипсофилы сколько живут,10,1639,0.61%,3.81
цветы букет,10,1431,0.7%,7.62
как поливать цветы в губке,10,1236,0.81%,5.35
хризантемы букет,10,797,1.25%,6.9
сколько стоят гипсофилы по времени,10,754,1.33%,3.92
цветы уральск,10,544,1.84%,9.46
"что подарить мужчине на день рождения, у которого все есть",10,535,1.87%,9.28
цветы с доставкой,10,499,2%,20.53
доставка цветов шымкент акация,10,319,3.13%,9.86
доставка цветов в шымкенте,10,275,3.64%,5.41
купить розы в алматы,10,253,3.95%,5.15
заказать цветы в астане,10,206,4.85%,3.22
доставка цветы астана,10,195,5.13%,3.19
цветы в корзине фото,10,190,5.26%,6.52
голландские розы цена за штуку,10,186,5.38%,5.3
цветы оптом,10,183,5.46%,8.11
хризантемы алматы,10,182,5.49%,5.18
цветы астана цены,10,174,5.75%,2.91
заказ цветов шымкент,10,168,5.95%,6.79
цветы доставка костанай,10,119,8.4%,3.08
с какими словами подарить цветы девушке,10,101,9.9%,1.31
букет астана,10,101,9.9%,3.05
заказ цветов в астане,10,98,10.2%,2.96
цветы недорого астана,10,97,10.31%,4
цветы петропавловск казахстан,10,95,10.53%,9
сколько стоит открыть цветочный магазин в казахстане,10,78,12.82%,2.92
как долго стоят лилии в вазе,10,68,14.71%,1.18
как правильно засушить гипсофилы,10,55,18.18%,1.84
голландские розы и обычные,10,24,41.67%,1
фото цветов,9,4695,0.19%,1.54
что можно подарить мужчине,9,1123,0.8%,9.82
сколько стоит 1 роза в казахстане,9,634,1.42%,3.01
сколько стоит одна роза,9,614,1.47%,3.65
сколько стоит гипсофила без воды,9,581,1.55%,5.84
дешевые цветы шымкент,9,313,2.88%,7.42
хризантемы цена,9,307,2.93%,5.65
нужно ли поливать гипсофилы,9,277,3.25%,2.74
шымкент цветы доставка,9,229,3.93%,6.27
доставка цветов караганда недорого,9,218,4.13%,6.55
хризантема цена,9,178,5.06%,4.29
уральск доставка цветов,9,99,9.09%,8.12
заказ цветов алматы с доставкой,9,92,9.78%,6.91
цветочный магазин бизнес,9,84,10.71%,9.06
как стабилизировать гипсофилу в домашних условиях,9,83,10.84%,2.16
хризантемы астана,9,76,11.84%,2.8
цветы дешево алматы,9,72,12.5%,3.83
цветы с доставкой костанай,9,71,12.68%,1.83
сколько стоит лилия в воде,9,48,18.75%,1.21
сколько стоят лилии в вазе,9,48,18.75%,1.58
пионы цветы,8,2113,0.38%,8.44
гипсофилы это,8,1321,0.61%,2.15
букеты,8,1200,0.67%,5.32
подарок на день рождения мужчине,8,1168,0.68%,20.27
сколько стоят гипсофилы в воде,8,556,1.44%,1.99
как ухаживать за букетом в губке,8,473,1.69%,3.65
1 штук роза цена,8,469,1.71%,4.67
что дарят на девичник,8,416,1.92%,7.26
надо ли ставить гипсофилы в воду,8,327,2.45%,2.6
самые дешевые цветы,8,279,2.87%,31.71
пионовидные розы алматы,8,265,3.02%,3.27
доставка цветов семей,8,241,3.32%,10.3
цветы в караганде,8,214,3.74%,7.29
сколько стоят цветы,8,210,3.81%,3.11
цветы казахстан,8,182,4.4%,4.08
заказ букетов астана,8,166,4.82%,3.14
цветы алматы с доставкой,8,150,5.33%,7.49
купить розы в астане,8,149,5.37%,5.15
доставка цветы шымкент,8,146,5.48%,4.82
нужно ли ставить в воду гипсофилы,8,144,5.56%,2.63
гипсофила ставить в воду или нет,8,139,5.76%,2.48
боди тараз,8,139,5.76%,10.17
гортензии алматы,8,135,5.93%,4.31
happiness especially for you,8,124,6.45%,2.02
цветы в павлодаре,8,123,6.5%,3.74
пионы информация,8,121,6.61%,3.98
цветы в астане с доставкой,8,117,6.84%,3.33
купить цветы костанай,8,108,7.41%,2.8
цветочный магазин рудный,8,108,7.41%,6.59
цветы комнатные астана,8,100,8%,4.36
цветы алматы дешево,8,98,8.16%,2.82
заказ цветов костанай,8,91,8.79%,1.88
гипсофила без воды,8,90,8.89%,1.97
заказ цветов астана с доставкой,8,86,9.3%,3.26
что сказать девушке когда даришь цветы,8,81,9.88%,2.64
сообщение о цветах,8,57,14.04%,4.14
боди жанаозен,8,52,15.38%,4.65
комнатные цветы почтой по казахстану,8,51,15.69%,7.39
купить пионы в астане,8,47,17.02%,3
отзыв на цветочный магазин,8,45,17.78%,5.33
корзина фруктов астана,8,41,19.51%,3.56
какие цветы к чему дарят,8,24,33.33%,3.62
цветы что означают,8,18,44.44%,2.11
какие цветы что означают?,8,17,47.06%,2.24
открыть цветочный магазин в казахстане,8,14,57.14%,1.07
значение подаренных цветов,8,11,72.73%,2.36
пионы букет,7,2287,0.31%,14.83
цветы гипсофилы,7,2014,0.35%,8.09
цветы на день рождения,7,1916,0.37%,11.17
сколько живут гипсофилы,7,1892,0.37%,3.34
шарики воздушные,7,1513,0.46%,6.28
цветы розы,7,941,0.74%,17.13
подарок мужчине на день рождения,7,915,0.77%,21.94
цветы усть каменогорск,7,772,0.91%,9.45
лилии букет,7,720,0.97%,9.65
как сушить цветы,7,546,1.28%,7.93
цветы доставка,7,520,1.35%,16.04
шарики астана,7,516,1.36%,4.93
романтик костанай,7,365,1.92%,2.93
розы в алматы по низким ценам,7,263,2.66%,4.16
цветы на день рождения женщине,7,250,2.8%,7.28
цветы в караганде недорого,7,243,2.88%,7.83
цветы уральск доставка,7,232,3.02%,8.97
букет цветов астана,7,230,3.04%,3.76
как красят хризантемы,7,227,3.08%,3.7
гортензия цена 1 шт астана,7,225,3.11%,3.44
цветы в корзине с губкой,7,217,3.23%,6.89
гелиевые шары астана недорого,7,211,3.32%,6.17
сколько стоят ирисы в вазе,7,197,3.55%,4.08
как засушить букет,7,195,3.59%,6.66
цветы актау доставка,7,190,3.68%,7.35
комнатные цветы астана недорого,7,189,3.7%,5.74
эустома сколько стоит в вазе,7,176,3.98%,4.74
цветы алматы доставка круглосуточно,7,172,4.07%,4.21
сколько стоит букет роз,7,172,4.07%,6.4
каких цветов бывают пионы,7,171,4.09%,1.59
пион описание для детей,7,162,4.32%,5.23
цветы семей,7,160,4.38%,9.74
букет невесты алматы,7,152,4.61%,9.91
боди балхаш,7,126,5.56%,8.15
цветы в алмате,7,125,5.6%,5.7
как сохранить гипсофилу,7,124,5.65%,3.74
заказать цветы шымкент,7,124,5.65%,5.23
доставка букетов астана,7,116,6.03%,4.37
kazakhstan flowers,7,101,6.93%,2.45
цветы в флористической губке,7,98,7.14%,3.3
цветы заказать астана,7,97,7.22%,3.24
комнатные цветы оптом астана,7,87,8.05%,5.95
цветы кокшетау доставка,7,85,8.24%,6.58
гипсофилы нужно ли ставить в воду,7,83,8.43%,2.42
доставка цветов в кокшетау,7,75,9.33%,6.85
кокшетау доставка цветов,7,71,9.86%,8.73
подписка на цветы,7,71,9.86%,30.07
сколько лилии стоят в вазе,7,66,10.61%,1.03
сколько воды нужно гипсофилам,7,63,11.11%,2.63
хризантема алматы,7,53,13.21%,4.09
клубника в шоколаде астана цена,7,44,15.91%,8.2
гортензия астана,7,42,16.67%,3.64
цветы и их значение,7,41,17.07%,47.59
как долго стоят цветы в флористической губке,7,34,20.59%,1.03
pione,6,8575,0.07%,2.42
эустомы,6,3411,0.18%,15.44
цветы картинки,6,1789,0.34%,2.33
цветочный магазин алматы,6,1243,0.48%,6.69
розы букет,6,1198,0.5%,22.93
гипсофилы сухоцветы,6,743,0.81%,7.44
красивый букет цветов,6,680,0.88%,2.01
роза гул,6,663,0.9%,6.75
гортензия цена,6,579,1.04%,6.01
цветы актобе,6,553,1.08%,9.12
шары,6,481,1.25%,6.52
гипсофила это,6,480,1.25%,7.56
цветы комнатные,6,479,1.25%,6.11
букет из кустовых роз,6,469,1.28%,24.85
доставка цветов усть-каменогорск,6,452,1.33%,9.65
пионы алматы,6,446,1.35%,10.59
цветы купить,6,427,1.41%,24.71
цветок пиона,6,399,1.5%,7.96
что подарить мужу на день рождения когда все есть,6,364,1.65%,11.46
цветы оптом алматы,6,352,1.7%,10
гипсофилы что означают,6,342,1.75%,3.3
доставка цветов в караганде,6,297,2.02%,7.74
шары на день рождения,6,295,2.03%,9.38
цветы в актобе недорого,6,292,2.05%,9.56
самые красивые букеты на день рождения,6,280,2.14%,9.54
цветы цена,6,212,2.83%,4.74
бенто торт астана,6,191,3.14%,12.12
гипсофила сколько стоит в вазе,6,177,3.39%,5.63
цветы костанай круглосуточно,6,163,3.68%,5.48
караганда доставка цветов,6,154,3.9%,7.38
заказ цветов караганда,6,144,4.17%,6.68
цветы павлодар круглосуточно,6,143,4.2%,8.69
как ухаживать за цветами в флористической губке,6,141,4.26%,4.3
доставка цветов талдыкорган,6,137,4.38%,11.02
ранункулюсы астана,6,135,4.44%,7.9
гелиевые шары астана,6,132,4.55%,6.27
что сказать когда даришь цветы,6,124,4.84%,2.87
дешевые цветы,6,122,4.92%,7.06
шары гелиевые астана,6,120,5%,4.97
доставка цветов астана круглосуточно,6,114,5.26%,3.88
как долго стоят лилии,6,104,5.77%,1.21
доставка цветов кокшетау круглосуточно,6,99,6.06%,7.04
гипсофилы как засушить,6,97,6.19%,2.13
что нужно для открытия цветочного магазина,6,95,6.32%,8.95
что подарить невесте,6,81,7.41%,7.46
доставка букетов алматы,6,80,7.5%,7.61
букет за 5000 тенге,6,79,7.59%,2.68
павлодар цветы доставка,6,74,8.11%,3.36
как хранить гипсофилу без воды,6,70,8.57%,3.94
цветы в коробке алматы,6,69,8.7%,5.17
как засушить гипсофилу после воды,6,60,10%,2.28
значение цветов флористика,6,57,10.53%,5.4
фруктовые корзины астана,6,56,10.71%,5.29
цветочный бизнес как начать,6,54,11.11%,7.26
цветы недорого,6,53,11.32%,10.58
что подарить невесте на свадьбу,6,52,11.54%,2
ставить ли гипсофилы в воду,6,52,11.54%,2.37
заказать цветы алматы недорого,6,43,13.95%,9.44
астана цветы дешево,6,36,16.67%,3.92
кустовые розы шымкент,6,25,24%,1
цветы отзывы,6,25,24%,5.72
гипсофила как высушить,6,24,25%,1.83
боди массаж жетысай,6,21,28.57%,13.62
доставка цветов павлодар cvety.kz фото,6,17,35.29%,1.65
значение цветов в букете,6,15,40%,2
каллы,5,7029,0.07%,12.26
вупи пай,5,6009,0.08%,1.73
роза цветы,5,968,0.52%,7.22
как хранить гипсофилы,5,788,0.63%,6.22
гипсофилы букет цена,5,785,0.64%,30.95
заказ букетов,5,742,0.67%,30.86
розы кустовые,5,693,0.72%,6.07
букет из хризантем,5,478,1.05%,11.9
что подарить мужчине у которого все есть,5,449,1.11%,11.58
цветы на заказ,5,447,1.12%,15.72
оригинальный букет цветов с днем рождения,5,435,1.15%,10.94
красивые букеты цветов,5,432,1.16%,4.93
сухоцветы,5,413,1.21%,10.26
цветы астана рядом,5,311,1.61%,5.77
гипсофилы как хранить,5,293,1.71%,4.77
как сделать букет в губке,5,287,1.74%,2.92
как ухаживать за гипсофилой,5,284,1.76%,4.27
заказать букет цветов,5,270,1.85%,23.91
сколько стоят розы,5,265,1.89%,6.9
какого цвета бывают пионы,5,251,1.99%,1.46
красивое описание розы,5,243,2.06%,7.35
букет цветов цена,5,228,2.19%,4.93
гортензия букет цена,5,220,2.27%,14.81
цветок пионы,5,213,2.35%,3.67
цветы тараз доставка,5,195,2.56%,7.24
пиона цветок,5,190,2.63%,7.11
цветы караганда доставка,5,181,2.76%,7.69
цветы заказать алматы,5,173,2.89%,7.44
как открыть магазин цветов,5,168,2.98%,8.27
розы цена,5,166,3.01%,6.04
шымкент цветы,5,165,3.03%,6.55
что подарить невесте на девичник,5,148,3.38%,6.53
доставка цветов экибастуз,5,136,3.68%,12.18
надо ли поливать гипсофилы,5,126,3.97%,2.65
что нужно чтобы открыть цветочный магазин,5,115,4.35%,8.34
сколько стоит 1 роза в астане,5,110,4.55%,2.63
цветы в костанае,5,100,5%,2.97
купить розы алматы,5,97,5.15%,4.68
как оживить цветы в губке,5,93,5.38%,3.83
доставка цветов в казахстане,5,90,5.56%,5.84
купить комнатные цветы астана,5,89,5.62%,5.39
сладкие букеты алматы,5,87,5.75%,5.61
гипсофилы ставить в воду,5,86,5.81%,2.88
надо ли ставить в воду гипсофилы,5,85,5.88%,2.41
розы купить алматы,5,84,5.95%,4.5
кокшетау цветы,5,82,6.1%,8.24
корзина фруктов алматы,5,78,6.41%,7.65
сертификат адидас,5,77,6.49%,19.32
доставка цветов в алматы недорого,5,75,6.67%,8.64
як засушити гіпсофілу,5,74,6.76%,6.73
что подарить на девичник невесте,5,71,7.04%,5.28
цветы астана дешево,5,70,7.14%,4.87
купить цветы и растения,5,67,7.46%,6.66
yermanova,5,65,7.69%,1.43
этикет дарения цветов,5,62,8.06%,4.82
купить цветы в павлодаре,5,61,8.2%,3.69
подарочный сертификат адидас,5,59,8.47%,20.53
как долго стоят каллы,5,58,8.62%,3.88
как подрезать каллы,5,57,8.77%,1.23
торты круглосуточно астана,5,57,8.77%,4.67
купить цветы шымкент,5,57,8.77%,5.12
орхидея купить астана,5,55,9.09%,5.64
что говорить когда даришь цветы,5,52,9.62%,2.83
цветы в алматы дешево,5,49,10.2%,3.04
сколько стоит одна роза в астане,5,48,10.42%,1.96
как сушить цветы в глицерине,5,41,12.2%,8.76
цветы за 5000 тенге,5,36,13.89%,2.03
цветы оптом алматы фото,5,36,13.89%,9.61
какие цветы дарить,5,28,17.86%,5.79
боди степногорск,5,27,18.52%,9.37
корзина с фруктами астана,5,26,19.23%,2.88
сухоцветы астана,5,24,20.83%,12
цветочный интернет магазин,5,23,21.74%,3.83
цветы в костанае с доставкой,5,16,31.25%,1.12
клубника в шоколаде,4,7735,0.05%,3.91
лилии,4,7607,0.05%,13.5
герберы,4,2181,0.18%,10.94
гипсофил,4,1943,0.21%,20.1
как выглядят пионы,4,1493,0.27%,2.65
кустовая роза,4,1270,0.31%,5.58
пионы цена 1 шт,4,1216,0.33%,5.7
flowers,4,1155,0.35%,8.91
альстромерия букет,4,624,0.64%,6.18
голландский роза,4,562,0.71%,2.83
альстромерия,4,536,0.75%,9.27
уветы,4,478,0.84%,4.08
гул букет,4,435,0.92%,1.54
цветы в корзине,4,409,0.98%,8.72
гипсофила значение,4,395,1.01%,3.5
пионы цвета,4,349,1.15%,7.95
сколько живут гипсофилы без воды,4,338,1.18%,5.21
цветый,4,309,1.29%,1.23
букет гортензии,4,294,1.36%,55.96
что подарить парню на день рождения,4,280,1.43%,29.57
что подарить мужчине на др,4,279,1.43%,14.88
мягкая игрушка,4,273,1.47%,4.25
цветы в сумочке,4,260,1.54%,5.29
гипсофилы как ухаживать,4,244,1.64%,3.63
гипсофила фото,4,238,1.68%,2.01
цветы кокшетау недорого,4,227,1.76%,7.95
сколько стоит роза,4,223,1.79%,3.94
цветы в шымкенте,4,223,1.79%,6.07
гипсофилы как долго стоят,4,219,1.83%,2.39
гортензии цена,4,217,1.84%,4.53
сколько стоит гипсофила по времени,4,207,1.93%,5.46
бизнес на цветах,4,202,1.98%,9.75
доставка цветов атырау,4,200,2%,10.53
что дарят на девичник невесте,4,198,2.02%,7.26
цветы алматы цены,4,192,2.08%,1.84
фруктовая корзина алматы,4,178,2.25%,5.45
цветы тараз дёшево,4,169,2.37%,6.91
лилии сколько стоят,4,162,2.47%,11.36
что дарить на девичник,4,157,2.55%,8.22
гипсофила букет как долго стоит,4,155,2.58%,2.5
букет в губке как ухаживать,4,154,2.6%,3.71
розы по 200 тенге астана,4,153,2.61%,8.66
цветы шымкент цена,4,148,2.7%,3.43
что можно подарить на девичник,4,147,2.72%,6.84
сколько стоит 1 роза в алматы,4,139,2.88%,3.45
подарки на девичник,4,136,2.94%,8.81
как поливать букет в губке,4,131,3.05%,5.07
эустома как долго стоит,4,119,3.36%,9
актобе цветы доставка,4,117,3.42%,9.3
как засушить букет цветов,4,116,3.45%,5.81
тараз цветы доставка,4,116,3.45%,6.99
ставят ли гипсофилы в воду,4,112,3.57%,2.57
с чего начать цветочный бизнес,4,112,3.57%,8.09
цветы уральск круглосуточно,4,111,3.6%,7.81
цветы в таразе,4,109,3.67%,7.56
гипсофилы в воде или нет,4,108,3.7%,2.61
цветы щучинск,4,107,3.74%,7.57
гипсофила сколько стоит в воде,4,106,3.77%,2.63
одна роза цена,4,105,3.81%,3.77
пион описание,4,105,3.81%,6.22
кустовые розы цена за штуку,4,105,3.81%,7.1
цветы балхаш,4,104,3.85%,10.92
сколько стоит роза в казахстане,4,102,3.92%,2.93
гипсофилы астана,4,102,3.92%,3.43
сколько стоит цветы,4,102,3.92%,3.49
гипсофилы нужна ли вода,4,99,4.04%,1.87
купить пионы астана,4,99,4.04%,3.7
как заказать цветы с доставкой,4,98,4.08%,7.12
уход за цветами в губке,4,97,4.12%,3.82
пионовидные розы 15 штук,4,90,4.44%,6.84
пионовидные розы астана,4,89,4.49%,3.38
лилии цена за штуку,4,86,4.65%,4.69
как засушить цветы из букета,4,86,4.65%,4.73
цветы по подписке,4,84,4.76%,31.06
пионы купить астана,4,83,4.82%,3.66
неожиданная доставка,4,83,4.82%,4.49
цветы астана доставка круглосуточно,4,82,4.88%,4.21
как ухаживать за розами в губке,4,79,5.06%,3.9
цветы купить астана,4,78,5.13%,3.62
кустовые розы алматы цена,4,77,5.19%,4.17
гипсофилу нужно ставить в воду,4,73,5.48%,2.64
букет из конфет недорого,4,71,5.63%,7.72
адидас сертификат,4,71,5.63%,13.48
как дарить цветы девушке,4,70,5.71%,6.4
синие гипсофилы значение,4,69,5.8%,3.9
гелевые шары астана,4,69,5.8%,7.03
купить цветы павлодар,4,68,5.88%,3.65
как поливать флористическую губку,4,68,5.88%,3.78
доставка цветов уральск романтик,4,68,5.88%,11.79
цветы бизнес,4,67,5.97%,7.9
цветочные магазины рудный,4,61,6.56%,6.74
как сохранить цветы в губке,4,59,6.78%,3.81
как сделать сухоцвет из гипсофилы,4,58,6.9%,1.52
каллы сколько стоят в воде,4,58,6.9%,3.93
доставка шаров астана,4,56,7.14%,3.8
цветы талгар,4,52,7.69%,11.23
цветы цены,4,51,7.84%,2.73
цветы магазин,4,49,8.16%,7.57
как окрашивают хризантемы,4,48,8.33%,2.54
цветы жетысай,4,47,8.51%,9.11
как засушить цветы для вазы,4,43,9.3%,6.05
корзины для подарков,4,43,9.3%,16.21
цветы цена алматы,4,40,10%,1.52
как обрезать каллы,4,40,10%,3
цветочный бизнес алматы,4,39,10.26%,2.26
сколько стоят цветы в флористической губке,4,39,10.26%,2.46
цветы в павлодаре с доставкой,4,39,10.26%,2.74
сладкие букеты астана,4,39,10.26%,3.54
цветы в корзине алматы,4,37,10.81%,2.76
кустовые розы букет астана,4,36,11.11%,3.03
купить астры в алматы,4,36,11.11%,5.39
хризантемы купить алматы,4,35,11.43%,3.86
что можно подарить невесте,4,34,11.76%,6.79
как сделать сухоцветы из гипсофилы,4,31,12.9%,1.35
отзывы цветочный магазин,4,31,12.9%,4.39
боди талдыкорган,4,30,13.33%,21.6
пионы павлодар,4,29,13.79%,8.24
подарочные корзины астана,4,29,13.79%,10.48
цветы дарить в начале свидания или в конце,4,24,16.67%,4.96
сколько воды нужно гипсофиле,4,23,17.39%,2.48
недорогой букет цветов,4,18,22.22%,16.39
цветы и из значения,4,15,26.67%,2.53
ранункулюсы цена,3,5978,0.05%,6.57
гортензии,3,4005,0.07%,12.45
101 роза,3,3949,0.08%,4.56
happiness,3,1672,0.18%,8.96
happy birthday bento cake,3,1295,0.23%,1.01
цветы гипсофила,3,1051,0.29%,10.95
букет невесты,3,1016,0.3%,17.28
цветы в коробке,3,871,0.34%,23.96
цветы хризантемы,3,859,0.35%,11.97
гипсофила букет,3,850,0.35%,10
сколько стоят пионы,3,678,0.44%,21.53
цветов,3,621,0.48%,2.85
букеты цветов фото,3,619,0.48%,1.49
цветы пиона,3,582,0.52%,4.18
французская роза,3,579,0.52%,5.67
розы пионовидные,3,579,0.52%,45.52
розы голландские,3,429,0.7%,4
"что подарить мужчине, у которого все есть",3,409,0.73%,10.11
букет из сладостей,3,406,0.74%,6.06
цаеты,3,396,0.76%,3.77
розы фото,3,391,0.77%,18.68
нужно ли поливать цветы в коробке с губкой,3,369,0.81%,5.85
цветы для день рождения,3,340,0.88%,7.89
цыеты,3,337,0.89%,3.93
букет роз цена,3,332,0.9%,26.79
сколько стоит гортензия,3,311,0.96%,6.08
сколько стоит 1 роза,3,305,0.98%,3.91
купить букет цветов,3,302,0.99%,28.71
как высушить цветы,3,296,1.01%,7.45
в какую воду ставить гипсофилы,3,272,1.1%,2.9
букет цветов алматы,3,270,1.11%,7.35
что мужчине подарить на день рождения,3,270,1.11%,56.07
гелиевые шары,3,268,1.12%,9.1
эустомы цена,3,261,1.15%,18.11
красивые букеты,3,258,1.16%,4.74
кустовый розы,3,252,1.19%,5.61
как засушить цветы объемно,3,252,1.19%,9.2
подарок невесте на девичник,3,237,1.27%,8.9
розы цветы,3,234,1.28%,7.32
как вставлять цветы в флористическую губку,3,228,1.32%,3.86
ромео цветы астана,3,221,1.36%,7.6
алматы букет,3,220,1.36%,9.41
новогодний бокс,3,219,1.37%,1.01
"цветы, которые долго стоят гипсофилы",3,216,1.39%,4.38
алматы цветы доставка,3,215,1.4%,7.53
букет алматы,3,214,1.4%,7.02
букет в губке,3,211,1.42%,3.77
пионы купить,3,208,1.44%,14.14
цветок в горшке,3,207,1.45%,7.06
букет из сухофруктов,3,205,1.46%,2.18
заказать цветы караганда,3,196,1.53%,8.7
винные хризантемы,3,194,1.55%,5.42
купить цветы в алматы,3,194,1.55%,7.38
нижнее белье астана,3,185,1.62%,8.83
гипсофила сухоцвет,3,180,1.67%,8.79
цветы алматы круглосуточно,3,162,1.85%,4.95
купить хризантемы в алматы,3,158,1.9%,5.45
роза цена,3,148,2.03%,4.72
идеи подарка мужчине,3,148,2.03%,12.6
сколько стоят кустовые розы,3,148,2.03%,28.22
подарки для мужчин алматы,3,145,2.07%,13.18
цветы семей цена,3,143,2.1%,10.22
гипсофила на языке цветов,3,142,2.11%,4.6
что подарить другу на день рождения мужчине,3,142,2.11%,10.6
корзина с фруктами и сладостями,3,141,2.13%,10.1
цветочный магазин открыть,3,139,2.16%,9.11
гипсофила значение цветка,3,136,2.21%,3.96
атырау цветы доставка,3,134,2.24%,10.37
клубника в шоколаде цена,3,129,2.33%,6.34
доставка цветы,3,129,2.33%,15.03
гипсофилы без воды,3,128,2.34%,1.48
цветы домашние,3,128,2.34%,8.28
розы в астане,3,124,2.42%,3.19
цветы в усть-каменогорске,3,124,2.42%,8.99
пионы характеристика,3,123,2.44%,6.22
что нужно для цветочного магазина,3,123,2.44%,8.15
букет цветов караганда,3,122,2.46%,7.24
эустома цена,3,121,2.48%,15.57
гипсофила как долго стоит,3,120,2.5%,2
как полить цветы в губке,3,117,2.56%,5.16
цветы актобе доставка,3,116,2.59%,7.96
боди капчагай,3,116,2.59%,9.88
цветы на свидание,3,110,2.73%,15.39
домашние цветы астана,3,109,2.75%,5.3
тараз доставка цветов,3,107,2.8%,6.36
подарочные корзины алматы,3,106,2.83%,9.15
склад цветов астана,3,104,2.88%,8.82
букет на флористической губке,3,103,2.91%,1.59
шымкент гүл доставка,3,103,2.91%,4.91
заказать букет в алматы,3,103,2.91%,8.18
цветы туркестан,3,103,2.91%,11.55
как долго стоит гипсофила,3,101,2.97%,2.07
мини букет для девочки,3,101,2.97%,7.41
гипсофилы символ,3,100,3%,3.56
актау цветы,3,100,3%,9.13
купить букет цветов в алматы,3,99,3.03%,7.3
доставка цветов в алмате,3,98,3.06%,7.14
цветы в уральске,3,98,3.06%,10.3
сколько стоят каллы в вазе,3,96,3.12%,4.72
гортензии астана,3,92,3.26%,2.95
доставка подарков астана,3,92,3.26%,7.47
заказать цветы в алматы с доставкой,3,91,3.3%,6.68
сушка цветов в соли,3,91,3.3%,7.44
доставка цветов степногорск,3,89,3.37%,9.53
пионы в астане,3,88,3.41%,3.47
фруктовые корзины алматы,3,88,3.41%,8.22
актобе доставка цветов,3,87,3.45%,9.16
каллы как ухаживать за букетом,3,86,3.49%,5.13
цена розы,3,83,3.61%,9.64
роза сколько стоит,3,81,3.7%,4.56
доставка цветов в актау,3,80,3.75%,6.26
цветы в кокшетау,3,80,3.75%,7.66
сколько простоят гипсофилы,3,79,3.8%,2.95
скільки часу стоять гіпсофіли без води,3,77,3.9%,9.56
бизнес с цветами,3,77,3.9%,9.62
казахстан цветы,3,76,3.95%,3.59
розы в алматы,3,76,3.95%,4.11
кустовая роза 1 ветка цена,3,76,3.95%,4.24
заказ цветов актобе,3,76,3.95%,8.8
доставка подарка на день рождения,3,74,4.05%,70.34
цветы семей круглосуточно,3,73,4.11%,7.85
доставка подарков алматы,3,72,4.17%,9.24
как хранить гипсофилы дома,3,71,4.23%,4.61
цветы-сухоцветы нужно ли ставить в воду,3,71,4.23%,5.31
гипсофила сухоцвет или нет,3,70,4.29%,4.54
пионовидные розы цена алматы,3,70,4.29%,5.34
букеты из хризантем,3,70,4.29%,7.66
доставка цветов актобе недорого,3,70,4.29%,8.04
можно ли гипсофилы держать без воды,3,69,4.35%,1.7
доставка цветов щучинск,3,68,4.41%,8.03
цена хризантемы в тенге,3,68,4.41%,8.15
гипсофилы должны стоять в воде,3,66,4.55%,2.52
как открыть цветочный магазин с минимальными вложениями,3,66,4.55%,9.68
хризантемы цена астана,3,65,4.62%,3.72
цветы доставка тараз,3,64,4.69%,6.55
versace bright crystal цена в астане,3,62,4.84%,4.73
голландские розы сколько см,3,61,4.92%,1.44
доставка цветов шымкент недорого,3,61,4.92%,4.87
роза цветы цена,3,60,5%,3.97
заказ цветов усть-каменогорск,3,60,5%,8.05
гипсофилам нужна вода,3,59,5.08%,2.14
гипсофилы надо ставить в воду или нет,3,59,5.08%,2.47
нужно ли держать гипсофилы в воде,3,58,5.17%,2.5
пионы астана цена,3,58,5.17%,4.03
цветочные алматы,3,57,5.26%,2.96
когда дарят цветы,3,57,5.26%,4.6
как хранить цветы в губке,3,56,5.36%,3.82
цветы талдыкорган круглосуточно,3,56,5.36%,8
недорогие букеты,3,56,5.36%,57.7
заказать цветы в астане с доставкой,3,55,5.45%,2.91
flowers in kazakhstan,3,55,5.45%,3.45
цветочная подписка,3,55,5.45%,3.47
цветы доставка актау,3,55,5.45%,7.25
боди актобе,3,53,5.66%,18.4
подарок невесте от подруг,3,52,5.77%,4.23
калла виды,3,51,5.88%,2.88
информация о пионах,3,51,5.88%,5.67
красивые цветы в корзине фото,3,50,6%,6.84
букет полевых цветов,3,50,6%,11.54
кустовые розы павлодар,3,49,6.12%,1.9
цена одной розы,3,49,6.12%,4.35
ромашки купить алматы,3,48,6.25%,8.69
что можно подарить мужчине на др,3,47,6.38%,6.72
продам цветы комнатные,3,46,6.52%,4.8
цветы доставка астана дешево,3,45,6.67%,4.93
метровые розы алматы,3,45,6.67%,9.07
какие цветы дарят,3,43,6.98%,10.6
корзина с фруктами алматы,3,42,7.14%,5
заказать шары на день рождения,3,42,7.14%,5.71
розы павлодар,3,41,7.32%,2.8
шары для день рождения,3,41,7.32%,8.27
как засушить хризантему в книге,3,39,7.69%,1.59
цветы астана пионы,3,38,7.89%,4.21
цветы в горшке астана,3,37,8.11%,7.49
когда дарить цветы,3,36,8.33%,7.11
шарики воздушные астана,3,34,8.82%,2.97
сколько стоит букет гортензий,3,34,8.82%,40.29
кустовые розы караганда,3,32,9.38%,2
гипсофилы купить алматы,3,31,9.68%,4.55
пионы оптом,3,30,10%,34.27
как засушить эустому,3,29,10.34%,1.83
недорогие цветы алматы,3,28,10.71%,3.68
купить комнатные растения,3,27,11.11%,11
боди жезқазған,3,27,11.11%,11.85
цветы онлайн алматы,3,24,12.5%,6.38
гипсофилы цветы которые долго стоят,3,23,13.04%,4.09
подарки алматы для мужчин,3,22,13.64%,9.82
клубника в шоколаде астана доставка,3,21,14.29%,8.9
что означают цветы,3,20,15%,2.3
доставка цветов отзывы,3,18,16.67%,6.33
flowers delivery,3,17,17.65%,1.29
цветочный магазин бизнес план казахстан,3,17,17.65%,1.65
цветы на заказ павлодар,3,16,18.75%,3.62
каллы разновидности,3,16,18.75%,5.25
отзыв в цветочный магазин,3,16,18.75%,5.88
дарят ли цветы на девичник,3,15,20%,1.13
самые дешевые цветы астана,3,14,21.43%,2.14
цветы корзины,3,11,27.27%,15.36
боди массаж сарыагаш,3,10,30%,18.6
подписка на доставку цветов,3,9,33.33%,21.11
где самые дешевые цветы в алматы,3,8,37.5%,3.25
цветы с вазой алматы,3,8,37.5%,5.88
доставка цветов уральск круглосуточно,3,5,60%,11
значения цветов флористика,3,3,100%,2
пандора браслет,2,5662,0.04%,7.23
пионы цена 1 шт в тенге,2,1584,0.13%,5.96
калы,2,1413,0.14%,12.39
пионы фото,2,1207,0.17%,17.76
пиона цветы,2,1087,0.18%,6.26
гортензия цветы,2,992,0.2%,7.97
цветы каллы,2,937,0.21%,13.58
вкусняшки фото,2,925,0.22%,1.19
девичник,2,861,0.23%,11.48
калла,2,819,0.24%,12.75
мягкие игрушки,2,762,0.26%,5.28
розы джульетта,2,744,0.27%,8.4
цветочный магазин,2,687,0.29%,15.23
букет из роз,2,606,0.33%,37.81
роз,2,575,0.35%,8.72
как выглядит пион,2,561,0.36%,2.16
цветы рядом,2,554,0.36%,19.77
кустовые розы 1 ветка,2,547,0.37%,6.06
гипсофилы цветы,2,538,0.37%,7.94
цветы в губке,2,528,0.38%,4.4
свадебный букет,2,502,0.4%,10.53
голандские розы,2,478,0.42%,2.59
воздушные шары,2,475,0.42%,7.51
как ухаживать за лилиями в вазе,2,470,0.43%,9.6
цветв,2,424,0.47%,3.52
цветы заказать,2,423,0.47%,25.32
комнатное растение,2,394,0.51%,9.57
гортензия цена 1 шт алматы,2,364,0.55%,4.75
сколько могут стоять гипсофилы,2,363,0.55%,2.67
диантусы букет,2,352,0.57%,3.11
роза букет,2,352,0.57%,7.68
пион цветы,2,347,0.58%,7.56
гортензия сколько стоит,2,333,0.6%,4.12
где растут пионы,2,333,0.6%,8.44
как засушить хризантемы,2,331,0.6%,7.96
корзина с цветами,2,326,0.61%,44.1
как ухаживать за гипсофилами,2,322,0.62%,6.04
букет цветов на день рождения,2,322,0.62%,53.58
пионы цена за штуку,2,313,0.64%,25.42
пионовидные розы фото,2,308,0.65%,7.34
домашние цветы,2,307,0.65%,11.66
букет невесты из живых цветов,2,304,0.66%,33.17
французкие розы,2,303,0.66%,3.44
флористическая губка,2,295,0.68%,11.46
букет гортензий,2,289,0.69%,7.98
цветы эустома,2,286,0.7%,16.26
цветы купить алматы,2,282,0.71%,8.23
цветы в корзинке,2,280,0.71%,30.58
цветок гипсофила,2,272,0.74%,24.41
как засушить цветок,2,268,0.75%,8.54
сколько стоит одна роза в казахстане,2,267,0.75%,2.83
доставка цветы алматы,2,266,0.75%,8.68
цветы онлайн,2,266,0.75%,26.02
как правильно засушить цветы,2,260,0.77%,7.6
сколько стоит одна роза в тенге,2,252,0.79%,4.15
губка для цветов,2,249,0.8%,10.61
гортензия 1 шт цена,2,248,0.81%,21.35
значение гипсофилы,2,234,0.85%,4
сколько держатся гипсофилы,2,228,0.88%,2.96
хризантема цена 1 шт,2,227,0.88%,5.33
цветы.,2,224,0.89%,2.21
как обрезать гвоздику в вазу,2,222,0.9%,7.49
французский роза,2,222,0.9%,7.92
лилии цена,2,220,0.91%,5.58
101 роза астана,2,217,0.92%,12.53
подарки для мужчин на день рождения,2,213,0.94%,12
пионы описание,2,210,0.95%,5.17
сухоцветы гипсофилы,2,210,0.95%,7.18
пион значение,2,206,0.97%,10.35
романтик усть каменогорск,2,201,1%,8.09
гвоздики букет,2,196,1.02%,10.88
сильва пинк,2,194,1.03%,4.98
цвета пионов,2,194,1.03%,12.11
сколько стоят хризантемы,2,192,1.04%,26.41
пивной букет,2,184,1.09%,2.66
цветы казахстана,2,175,1.14%,6.46
французские розы букет,2,174,1.15%,5.45
шарики на день рождения,2,174,1.15%,7.43
цветы в горшке,2,173,1.16%,9.4
шоколадный бокс,2,172,1.16%,2.71
астромерии,2,172,1.16%,10.63
сколько стоит 1 штук роза,2,169,1.18%,4.7
сезон пионов в казахстане,2,165,1.21%,2.76
белые гипсофилы значение,2,165,1.21%,4.55
цветы в губке как поливать,2,164,1.22%,5.43
евро букеты,2,163,1.23%,10.44
дарить цветы,2,160,1.25%,8.89
засушить цветы,2,159,1.26%,8.09
розы цена алматы,2,158,1.27%,4.28
сколько стоит эустома в вазе,2,156,1.28%,7.37
боди алматы,2,151,1.32%,45.97
тараз цветы,2,147,1.36%,8.2
цветы круглосуточно алматы,2,146,1.37%,4.82
гипсофилы сколько стоят в вазе,2,144,1.39%,4.98
ромео астана,2,144,1.39%,6.66
букеты в коробках,2,144,1.39%,95.94
гипсофилы долго стоят,2,143,1.4%,2.94
цветочный магазин как открыть,2,143,1.4%,8.02
фотки цветов,2,141,1.42%,1.01
бенто торт на день рождения,2,141,1.42%,9.5
гипсофила это сухоцвет,2,139,1.44%,4.69
как быстро высушить цветы,2,136,1.47%,6.5
сколько стоят ирисы,2,135,1.48%,15.49
гортензия цена алматы,2,134,1.49%,4.04
чи потрібно ставити гіпсофіли у воду,2,134,1.49%,5.62
цветы алмата,2,134,1.49%,6.15
вянут ли гипсофилы,2,133,1.5%,1.17
нужно ли сухоцветы ставить в воду,2,133,1.5%,4.32
цветы в казахстане,2,133,1.5%,5.5
пионовидные розы джульетта,2,132,1.52%,8.03
хризантема сколько стоит,2,129,1.55%,3.01
flowers kz,2,129,1.55%,6.11
пионы как выглядят,2,128,1.56%,2.77
гипсофила можно ли держать дома,2,128,1.56%,4.93
актау цветы доставка,2,128,1.56%,7
игрушки,2,126,1.59%,15.26
как засушить хризантему,2,124,1.61%,7.26
как ухаживать за букетом лилий,2,124,1.61%,7.4
корзина с фруктами в подарок,2,118,1.69%,8.71
цветочные магазины костанай,2,118,1.69%,8.87
гвоздики как ухаживать,2,115,1.74%,6.11
happy birthday my love торт,2,114,1.75%,1
гипсофилы это сухоцветы,2,112,1.79%,3.86
какие бывают пионы,2,112,1.79%,8.59
корзина цветов фото,2,112,1.79%,13.16
букет пион,2,112,1.79%,17.39
гипсофилы цена алматы,2,109,1.83%,5.73
какой цветок можно подарить один,2,109,1.83%,9.4
гипсофилу,2,109,1.83%,10.99
букет из пионов,2,109,1.83%,13.4
доставка цветы караганда,2,107,1.87%,7.37
сколько стоит букет лилий,2,107,1.87%,38.78
доставка цветов в актобе,2,104,1.92%,8.88
цветы кокшетау круглосуточно,2,102,1.96%,5.44
обычные розы,2,101,1.98%,1.37
купить цветы караганда,2,101,1.98%,7.93
сколько стоит лилия,2,101,1.98%,40.7
ромашки алматы,2,100,2%,9.69
самые дорогие цветы в казахстане,2,99,2.02%,2.96
как продлить жизнь цветам в губке,2,99,2.02%,4.76
французская роза букет,2,99,2.02%,11.92
цветы костанай инстаграм,2,98,2.04%,4.22
flower shop,2,98,2.04%,4.96
цветы гортензия цена,2,96,2.08%,5.58
букет из гипсофил,2,96,2.08%,11.38
kazakhstan flower,2,94,2.13%,8.26
гипсофила цена,2,94,2.13%,13.98
цветы на букву гипсофила,2,93,2.15%,3.17
пионы цена астана,2,93,2.15%,3.69
кустовая роза цена,2,93,2.15%,5.4
пионы купить алматы,2,93,2.15%,9.74
гипсофилы значение цветов,2,92,2.17%,3.73
круглосуточная доставка цветов усть-каменогорск,2,92,2.17%,5.71
лилия цена,2,91,2.2%,4.85
цветы на заказ караганда,2,91,2.2%,9.05
бенто торт мама,2,90,2.22%,1
send flowers to kazakhstan,2,88,2.27%,3.42